nic,antenna,ssid,distance,timestamp,rssi,link_quality,channel,link_quality_in_percentage
ampak-ap6212,3,senic-sandbox,0,1488553054,-42,68,4,97
ampak-ap6212,3,senic-sandbox,0,1488553055,-41,69,4,98
ampak-ap6212,3,senic-sandbox,0,1488553056,-43,67,4,95
ampak-ap6212,3,senic-sandbox,0,1488553057,-41,69,4,98
ampak-ap6212,3,senic-sandbox,0,1488553058,-41,69,4,98
ampak-ap6212,3,senic-sandbox,0,1488553059,-43,67,4,95
ampak-ap6212,3,senic-sandbox,0,1488553060,-45,65,4,92
ampak-ap6212,3,senic-sandbox,0,1488553061,-47,63,4,90
ampak-ap6212,3,senic-sandbox,0,1488553062,-41,69,4,98
ampak-ap6212,3,senic-sandbox,0,1488553064,-42,68,4,97
ampak-ap6212,3,senic-sandbox,0,1488553065,-40,70,4,100
ampak-ap6212,3,senic-sandbox,0,1488553066,-39,70,4,100
ampak-ap6212,3,senic-sandbox,0,1488553067,-40,70,4,100
ampak-ap6212,3,senic-sandbox,0,1488553068,-42,68,4,97
ampak-ap6212,3,senic-sandbox,0,1488553069,-41,69,4,98
ampak-ap6212,3,senic-sandbox,0,1488553070,-42,68,4,97
ampak-ap6212,3,senic-sandbox,0,1488553071,-47,63,4,90
ampak-ap6212,3,senic-sandbox,0,1488553072,-41,69,4,98
ampak-ap6212,3,senic-sandbox,0,1488553073,-42,68,4,97
ampak-ap6212,3,senic-sandbox,0,1488553074,-41,69,4,98
ampak-ap6212,3,senic-sandbox,0,1488553076,-43,67,4,95
ampak-ap6212,3,senic-sandbox,0,1488553077,-45,65,4,92
ampak-ap6212,3,senic-sandbox,0,1488553078,-46,64,4,91
ampak-ap6212,3,senic-sandbox,0,1488553079,-48,62,4,88
ampak-ap6212,3,senic-sandbox,0,1488553080,-45,65,4,92
ampak-ap6212,3,senic-sandbox,0,1488553081,-47,63,4,90
ampak-ap6212,3,senic-sandbox,0,1488553082,-44,66,4,94
ampak-ap6212,3,senic-sandbox,0,1488553083,-50,60,4,85
ampak-ap6212,3,senic-sandbox,0,1488553084,-42,68,4,97
ampak-ap6212,3,senic-sandbox,0,1488553085,-52,58,4,82
ampak-ap6212,3,senic-sandbox,0,1488553086,-46,64,4,91
ampak-ap6212,3,senic-sandbox,1,1488553161,-39,70,4,100
ampak-ap6212,3,senic-sandbox,1,1488553162,-43,67,4,95
ampak-ap6212,3,senic-sandbox,1,1488553163,-42,68,4,97
ampak-ap6212,3,senic-sandbox,1,1488553164,-38,70,4,100
ampak-ap6212,3,senic-sandbox,1,1488553165,-40,70,4,100
ampak-ap6212,3,senic-sandbox,1,1488553166,-37,70,4,100
ampak-ap6212,3,senic-sandbox,1,1488553167,-40,70,4,100
ampak-ap6212,3,senic-sandbox,1,1488553168,-38,70,4,100
ampak-ap6212,3,senic-sandbox,1,1488553169,-39,70,4,100
ampak-ap6212,3,senic-sandbox,1,1488553171,-40,70,4,100
ampak-ap6212,3,senic-sandbox,1,1488553172,-42,68,4,97
ampak-ap6212,3,senic-sandbox,1,1488553173,-41,69,4,98
ampak-ap6212,3,senic-sandbox,1,1488553174,-41,69,4,98
ampak-ap6212,3,senic-sandbox,1,1488553175,-42,68,4,97
ampak-ap6212,3,senic-sandbox,1,1488553176,-47,63,4,90
ampak-ap6212,3,senic-sandbox,1,1488553177,-42,68,4,97
ampak-ap6212,3,senic-sandbox,1,1488553178,-39,70,4,100
ampak-ap6212,3,senic-sandbox,1,1488553179,-41,69,4,98
ampak-ap6212,3,senic-sandbox,1,1488553180,-40,70,4,100
ampak-ap6212,3,senic-sandbox,1,1488553181,-40,70,4,100
ampak-ap6212,3,senic-sandbox,1,1488553182,-41,69,4,98
ampak-ap6212,3,senic-sandbox,1,1488553183,-41,69,4,98
ampak-ap6212,3,senic-sandbox,1,1488553185,-41,69,4,98
ampak-ap6212,3,senic-sandbox,1,1488553186,-41,69,4,98
ampak-ap6212,3,senic-sandbox,1,1488553187,-41,69,4,98
ampak-ap6212,3,senic-sandbox,1,1488553188,-39,70,4,100
ampak-ap6212,3,senic-sandbox,1,1488553189,-40,70,4,100
ampak-ap6212,3,senic-sandbox,1,1488553190,-40,70,4,100
ampak-ap6212,3,senic-sandbox,1,1488553191,-41,69,4,98
ampak-ap6212,3,senic-sandbox,1,1488553192,-40,70,4,100
ampak-ap6212,3,senic-sandbox,1,1488553194,-41,69,4,98
ampak-ap6212,3,senic-sandbox,2,1488553243,-39,70,4,100
ampak-ap6212,3,senic-sandbox,2,1488553245,-40,70,4,100
ampak-ap6212,3,senic-sandbox,2,1488553246,-40,70,4,100
ampak-ap6212,3,senic-sandbox,2,1488553247,-39,70,4,100
ampak-ap6212,3,senic-sandbox,2,1488553248,-40,70,4,100
ampak-ap6212,3,senic-sandbox,2,1488553249,-38,70,4,100
ampak-ap6212,3,senic-sandbox,2,1488553250,-38,70,4,100
ampak-ap6212,3,senic-sandbox,2,1488553251,-37,70,4,100
ampak-ap6212,3,senic-sandbox,2,1488553252,-38,70,4,100
ampak-ap6212,3,senic-sandbox,2,1488553253,-39,70,4,100
ampak-ap6212,3,senic-sandbox,2,1488553254,-38,70,4,100
ampak-ap6212,3,senic-sandbox,2,1488553255,-39,70,4,100
ampak-ap6212,3,senic-sandbox,2,1488553256,-39,70,4,100
ampak-ap6212,3,senic-sandbox,2,1488553258,-38,70,4,100
ampak-ap6212,3,senic-sandbox,2,1488553259,-39,70,4,100
ampak-ap6212,3,senic-sandbox,2,1488553260,-39,70,4,100
ampak-ap6212,3,senic-sandbox,2,1488553261,-40,70,4,100
ampak-ap6212,3,senic-sandbox,2,1488553262,-39,70,4,100
ampak-ap6212,3,senic-sandbox,2,1488553263,-38,70,4,100
ampak-ap6212,3,senic-sandbox,2,1488553264,-40,70,4,100
ampak-ap6212,3,senic-sandbox,2,1488553265,-38,70,4,100
ampak-ap6212,3,senic-sandbox,2,1488553266,-39,70,4,100
ampak-ap6212,3,senic-sandbox,2,1488553267,-39,70,4,100
ampak-ap6212,3,senic-sandbox,2,1488553268,-40,70,4,100
ampak-ap6212,3,senic-sandbox,2,1488553269,-40,70,4,100
ampak-ap6212,3,senic-sandbox,2,1488553271,-38,70,4,100
ampak-ap6212,3,senic-sandbox,2,1488553272,-39,70,4,100
ampak-ap6212,3,senic-sandbox,2,1488553273,-39,70,4,100
ampak-ap6212,3,senic-sandbox,2,1488553274,-38,70,4,100
ampak-ap6212,3,senic-sandbox,2,1488553275,-39,70,4,100
ampak-ap6212,3,senic-sandbox,2,1488553276,-40,70,4,100
ampak-ap6212,3,senic-sandbox,3,1488553323,-60,50,4,71
ampak-ap6212,3,senic-sandbox,3,1488553324,-58,52,4,74
ampak-ap6212,3,senic-sandbox,3,1488553325,-54,56,4,80
ampak-ap6212,3,senic-sandbox,3,1488553326,-57,53,4,75
ampak-ap6212,3,senic-sandbox,3,1488553327,-61,49,4,70
ampak-ap6212,3,senic-sandbox,3,1488553328,-62,48,4,68
ampak-ap6212,3,senic-sandbox,3,1488553330,-60,50,4,71
ampak-ap6212,3,senic-sandbox,3,1488553331,-60,50,4,71
ampak-ap6212,3,senic-sandbox,3,1488553332,-53,57,4,81
ampak-ap6212,3,senic-sandbox,3,1488553333,-62,48,4,68
ampak-ap6212,3,senic-sandbox,3,1488553334,-61,49,4,70
ampak-ap6212,3,senic-sandbox,3,1488553335,-59,51,4,72
ampak-ap6212,3,senic-sandbox,3,1488553336,-59,51,4,72
ampak-ap6212,3,senic-sandbox,3,1488553337,-55,55,4,78
ampak-ap6212,3,senic-sandbox,3,1488553338,-54,56,4,80
ampak-ap6212,3,senic-sandbox,3,1488553339,-50,60,4,85
ampak-ap6212,3,senic-sandbox,3,1488553340,-49,61,4,87
ampak-ap6212,3,senic-sandbox,3,1488553341,-54,56,4,80
ampak-ap6212,3,senic-sandbox,3,1488553343,-57,53,4,75
ampak-ap6212,3,senic-sandbox,3,1488553344,-47,63,4,90
ampak-ap6212,3,senic-sandbox,3,1488553345,-49,61,4,87
ampak-ap6212,3,senic-sandbox,3,1488553346,-53,57,4,81
ampak-ap6212,3,senic-sandbox,3,1488553347,-54,56,4,80
ampak-ap6212,3,senic-sandbox,3,1488553348,-52,58,4,82
ampak-ap6212,3,senic-sandbox,3,1488553350,-54,56,4,80
ampak-ap6212,3,senic-sandbox,3,1488553351,-52,58,4,82
ampak-ap6212,3,senic-sandbox,3,1488553352,-45,65,4,92
ampak-ap6212,3,senic-sandbox,3,1488553353,-53,57,4,81
ampak-ap6212,3,senic-sandbox,3,1488553354,-52,58,4,82
ampak-ap6212,3,senic-sandbox,3,1488553355,-56,54,4,77
ampak-ap6212,3,senic-sandbox,3,1488553356,-60,50,4,71
ampak-ap6212,3,senic-sandbox,4,1488553409,-47,63,4,90
ampak-ap6212,3,senic-sandbox,4,1488553410,-46,64,4,91
ampak-ap6212,3,senic-sandbox,4,1488553412,-46,64,4,91
ampak-ap6212,3,senic-sandbox,4,1488553413,-46,64,4,91
ampak-ap6212,3,senic-sandbox,4,1488553414,-49,61,4,87
ampak-ap6212,3,senic-sandbox,4,1488553415,-47,63,4,90
ampak-ap6212,3,senic-sandbox,4,1488553416,-47,63,4,90
ampak-ap6212,3,senic-sandbox,4,1488553417,-47,63,4,90
ampak-ap6212,3,senic-sandbox,4,1488553418,-46,64,4,91
ampak-ap6212,3,senic-sandbox,4,1488553419,-48,62,4,88
ampak-ap6212,3,senic-sandbox,4,1488553420,-49,61,4,87
ampak-ap6212,3,senic-sandbox,4,1488553421,-53,57,4,81
ampak-ap6212,3,senic-sandbox,4,1488553422,-55,55,4,78
ampak-ap6212,3,senic-sandbox,4,1488553423,-48,62,4,88
ampak-ap6212,3,senic-sandbox,4,1488553425,-44,66,4,94
ampak-ap6212,3,senic-sandbox,4,1488553426,-47,63,4,90
ampak-ap6212,3,senic-sandbox,4,1488553427,-49,61,4,87
ampak-ap6212,3,senic-sandbox,4,1488553428,-51,59,4,84
ampak-ap6212,3,senic-sandbox,4,1488553429,-49,61,4,87
ampak-ap6212,3,senic-sandbox,4,1488553430,-46,64,4,91
ampak-ap6212,3,senic-sandbox,4,1488553431,-44,66,4,94
ampak-ap6212,3,senic-sandbox,4,1488553432,-43,67,4,95
ampak-ap6212,3,senic-sandbox,4,1488553433,-44,66,4,94
ampak-ap6212,3,senic-sandbox,4,1488553434,-44,66,4,94
ampak-ap6212,3,senic-sandbox,4,1488553435,-46,64,4,91
ampak-ap6212,3,senic-sandbox,4,1488553436,-46,64,4,91
ampak-ap6212,3,senic-sandbox,4,1488553438,-44,66,4,94
ampak-ap6212,3,senic-sandbox,4,1488553439,-47,63,4,90
ampak-ap6212,3,senic-sandbox,4,1488553440,-45,65,4,92
ampak-ap6212,3,senic-sandbox,4,1488553441,-47,63,4,90
ampak-ap6212,3,senic-sandbox,4,1488553442,-46,64,4,91
ampak-ap6212,3,senic-sandbox,5,1488553495,-44,66,4,94
ampak-ap6212,3,senic-sandbox,5,1488553496,-47,63,4,90
ampak-ap6212,3,senic-sandbox,5,1488553497,-43,67,4,95
ampak-ap6212,3,senic-sandbox,5,1488553498,-44,66,4,94
ampak-ap6212,3,senic-sandbox,5,1488553499,-46,64,4,91
ampak-ap6212,3,senic-sandbox,5,1488553500,-47,63,4,90
ampak-ap6212,3,senic-sandbox,5,1488553501,-45,65,4,92
ampak-ap6212,3,senic-sandbox,5,1488553503,-43,67,4,95
ampak-ap6212,3,senic-sandbox,5,1488553504,-44,66,4,94
ampak-ap6212,3,senic-sandbox,5,1488553505,-46,64,4,91
ampak-ap6212,3,senic-sandbox,5,1488553506,-45,65,4,92
ampak-ap6212,3,senic-sandbox,5,1488553507,-47,63,4,90
ampak-ap6212,3,senic-sandbox,5,1488553508,-47,63,4,90
ampak-ap6212,3,senic-sandbox,5,1488553509,-47,63,4,90
ampak-ap6212,3,senic-sandbox,5,1488553510,-47,63,4,90
ampak-ap6212,3,senic-sandbox,5,1488553511,-46,64,4,91
ampak-ap6212,3,senic-sandbox,5,1488553512,-45,65,4,92
ampak-ap6212,3,senic-sandbox,5,1488553513,-46,64,4,91
ampak-ap6212,3,senic-sandbox,5,1488553514,-47,63,4,90
ampak-ap6212,3,senic-sandbox,5,1488553516,-47,63,4,90
ampak-ap6212,3,senic-sandbox,5,1488553517,-45,65,4,92
ampak-ap6212,3,senic-sandbox,5,1488553518,-48,62,4,88
ampak-ap6212,3,senic-sandbox,5,1488553519,-55,55,4,78
ampak-ap6212,3,senic-sandbox,5,1488553520,-53,57,4,81
ampak-ap6212,3,senic-sandbox,5,1488553521,-48,62,4,88
ampak-ap6212,3,senic-sandbox,5,1488553522,-50,60,4,85
ampak-ap6212,3,senic-sandbox,5,1488553523,-47,63,4,90
ampak-ap6212,3,senic-sandbox,5,1488553524,-46,64,4,91
ampak-ap6212,3,senic-sandbox,5,1488553525,-47,63,4,90
ampak-ap6212,3,senic-sandbox,5,1488553526,-47,63,4,90
ampak-ap6212,3,senic-sandbox,5,1488553528,-47,63,4,90
ampak-ap6212,3,senic-sandbox,6,1488553575,-47,63,4,90
ampak-ap6212,3,senic-sandbox,6,1488553576,-51,59,4,84
ampak-ap6212,3,senic-sandbox,6,1488553577,-47,63,4,90
ampak-ap6212,3,senic-sandbox,6,1488553578,-45,65,4,92
ampak-ap6212,3,senic-sandbox,6,1488553579,-47,63,4,90
ampak-ap6212,3,senic-sandbox,6,1488553580,-47,63,4,90
ampak-ap6212,3,senic-sandbox,6,1488553581,-46,64,4,91
ampak-ap6212,3,senic-sandbox,6,1488553582,-47,63,4,90
ampak-ap6212,3,senic-sandbox,6,1488553583,-46,64,4,91
ampak-ap6212,3,senic-sandbox,6,1488553584,-47,63,4,90
ampak-ap6212,3,senic-sandbox,6,1488553586,-47,63,4,90
ampak-ap6212,3,senic-sandbox,6,1488553587,-47,63,4,90
ampak-ap6212,3,senic-sandbox,6,1488553588,-45,65,4,92
ampak-ap6212,3,senic-sandbox,6,1488553589,-47,63,4,90
ampak-ap6212,3,senic-sandbox,6,1488553590,-47,63,4,90
ampak-ap6212,3,senic-sandbox,6,1488553591,-47,63,4,90
ampak-ap6212,3,senic-sandbox,6,1488553592,-46,64,4,91
ampak-ap6212,3,senic-sandbox,6,1488553593,-44,66,4,94
ampak-ap6212,3,senic-sandbox,6,1488553595,-44,66,4,94
ampak-ap6212,3,senic-sandbox,6,1488553596,-43,67,4,95
ampak-ap6212,3,senic-sandbox,6,1488553597,-44,66,4,94
ampak-ap6212,3,senic-sandbox,6,1488553598,-43,67,4,95
ampak-ap6212,3,senic-sandbox,6,1488553599,-44,66,4,94
ampak-ap6212,3,senic-sandbox,6,1488553600,-45,65,4,92
ampak-ap6212,3,senic-sandbox,6,1488553601,-44,66,4,94
ampak-ap6212,3,senic-sandbox,6,1488553602,-44,66,4,94
ampak-ap6212,3,senic-sandbox,6,1488553603,-44,66,4,94
ampak-ap6212,3,senic-sandbox,6,1488553604,-44,66,4,94
ampak-ap6212,3,senic-sandbox,6,1488553605,-46,64,4,91
ampak-ap6212,3,senic-sandbox,6,1488553606,-47,63,4,90
ampak-ap6212,3,senic-sandbox,6,1488553608,-46,64,4,91
ampak-ap6212,3,senic-sandbox,7,1488553655,-52,58,4,82
ampak-ap6212,3,senic-sandbox,7,1488553656,-51,59,4,84
ampak-ap6212,3,senic-sandbox,7,1488553657,-54,56,4,80
ampak-ap6212,3,senic-sandbox,7,1488553658,-52,58,4,82
ampak-ap6212,3,senic-sandbox,7,1488553659,-53,57,4,81
ampak-ap6212,3,senic-sandbox,7,1488553660,-54,56,4,80
ampak-ap6212,3,senic-sandbox,7,1488553662,-48,62,4,88
ampak-ap6212,3,senic-sandbox,7,1488553663,-47,63,4,90
ampak-ap6212,3,senic-sandbox,7,1488553664,-49,61,4,87
ampak-ap6212,3,senic-sandbox,7,1488553665,-50,60,4,85
ampak-ap6212,3,senic-sandbox,7,1488553666,-47,63,4,90
ampak-ap6212,3,senic-sandbox,7,1488553667,-48,62,4,88
ampak-ap6212,3,senic-sandbox,7,1488553668,-49,61,4,87
ampak-ap6212,3,senic-sandbox,7,1488553670,-50,60,4,85
ampak-ap6212,3,senic-sandbox,7,1488553671,-53,57,4,81
ampak-ap6212,3,senic-sandbox,7,1488553672,-48,62,4,88
ampak-ap6212,3,senic-sandbox,7,1488553673,-50,60,4,85
ampak-ap6212,3,senic-sandbox,7,1488553674,-50,60,4,85
ampak-ap6212,3,senic-sandbox,7,1488553675,-47,63,4,90
ampak-ap6212,3,senic-sandbox,7,1488553676,-49,61,4,87
ampak-ap6212,3,senic-sandbox,7,1488553677,-52,58,4,82
ampak-ap6212,3,senic-sandbox,7,1488553678,-48,62,4,88
ampak-ap6212,3,senic-sandbox,7,1488553679,-49,61,4,87
ampak-ap6212,3,senic-sandbox,7,1488553680,-49,61,4,87
ampak-ap6212,3,senic-sandbox,7,1488553681,-49,61,4,87
ampak-ap6212,3,senic-sandbox,7,1488553683,-47,63,4,90
ampak-ap6212,3,senic-sandbox,7,1488553684,-49,61,4,87
ampak-ap6212,3,senic-sandbox,7,1488553685,-48,62,4,88
ampak-ap6212,3,senic-sandbox,7,1488553686,-46,64,4,91
ampak-ap6212,3,senic-sandbox,7,1488553687,-49,61,4,87
ampak-ap6212,3,senic-sandbox,7,1488553688,-47,63,4,90
ampak-ap6212,3,senic-sandbox,8,1488553734,-57,53,4,75
ampak-ap6212,3,senic-sandbox,8,1488553735,-57,53,4,75
ampak-ap6212,3,senic-sandbox,8,1488553736,-57,53,4,75
ampak-ap6212,3,senic-sandbox,8,1488553737,-56,54,4,77
ampak-ap6212,3,senic-sandbox,8,1488553739,-57,53,4,75
ampak-ap6212,3,senic-sandbox,8,1488553740,-54,56,4,80
ampak-ap6212,3,senic-sandbox,8,1488553741,-55,55,4,78
ampak-ap6212,3,senic-sandbox,8,1488553742,-54,56,4,80
ampak-ap6212,3,senic-sandbox,8,1488553743,-54,56,4,80
ampak-ap6212,3,senic-sandbox,8,1488553744,-53,57,4,81
ampak-ap6212,3,senic-sandbox,8,1488553745,-58,52,4,74
ampak-ap6212,3,senic-sandbox,8,1488553746,-58,52,4,74
ampak-ap6212,3,senic-sandbox,8,1488553747,-59,51,4,72
ampak-ap6212,3,senic-sandbox,8,1488553748,-59,51,4,72
ampak-ap6212,3,senic-sandbox,8,1488553749,-57,53,4,75
ampak-ap6212,3,senic-sandbox,8,1488553750,-58,52,4,74
ampak-ap6212,3,senic-sandbox,8,1488553751,-57,53,4,75
ampak-ap6212,3,senic-sandbox,8,1488553753,-54,56,4,80
ampak-ap6212,3,senic-sandbox,8,1488553754,-57,53,4,75
ampak-ap6212,3,senic-sandbox,8,1488553755,-62,48,4,68
ampak-ap6212,3,senic-sandbox,8,1488553756,-54,56,4,80
ampak-ap6212,3,senic-sandbox,8,1488553757,-54,56,4,80
ampak-ap6212,3,senic-sandbox,8,1488553758,-56,54,4,77
ampak-ap6212,3,senic-sandbox,8,1488553759,-57,53,4,75
ampak-ap6212,3,senic-sandbox,8,1488553760,-65,45,4,64
ampak-ap6212,3,senic-sandbox,8,1488553761,-62,48,4,68
ampak-ap6212,3,senic-sandbox,8,1488553762,-61,49,4,70
ampak-ap6212,3,senic-sandbox,8,1488553763,-64,46,4,65
ampak-ap6212,3,senic-sandbox,8,1488553765,-62,48,4,68
ampak-ap6212,3,senic-sandbox,8,1488553766,-61,49,4,70
ampak-ap6212,3,senic-sandbox,8,1488553767,-63,47,4,67
ampak-ap6212,3,senic-sandbox,9,1488553814,-54,56,4,80
ampak-ap6212,3,senic-sandbox,9,1488553815,-54,56,4,80
ampak-ap6212,3,senic-sandbox,9,1488553816,-54,56,4,80
ampak-ap6212,3,senic-sandbox,9,1488553817,-55,55,4,78
ampak-ap6212,3,senic-sandbox,9,1488553818,-55,55,4,78
ampak-ap6212,3,senic-sandbox,9,1488553819,-53,57,4,81
ampak-ap6212,3,senic-sandbox,9,1488553820,-51,59,4,84
ampak-ap6212,3,senic-sandbox,9,1488553821,-55,55,4,78
ampak-ap6212,3,senic-sandbox,9,1488553823,-56,54,4,77
ampak-ap6212,3,senic-sandbox,9,1488553824,-58,52,4,74
ampak-ap6212,3,senic-sandbox,9,1488553825,-56,54,4,77
ampak-ap6212,3,senic-sandbox,9,1488553826,-57,53,4,75
ampak-ap6212,3,senic-sandbox,9,1488553827,-54,56,4,80
ampak-ap6212,3,senic-sandbox,9,1488553828,-55,55,4,78
ampak-ap6212,3,senic-sandbox,9,1488553829,-56,54,4,77
ampak-ap6212,3,senic-sandbox,9,1488553830,-54,56,4,80
ampak-ap6212,3,senic-sandbox,9,1488553831,-54,56,4,80
ampak-ap6212,3,senic-sandbox,9,1488553832,-58,52,4,74
ampak-ap6212,3,senic-sandbox,9,1488553833,-57,53,4,75
ampak-ap6212,3,senic-sandbox,9,1488553834,-54,56,4,80
ampak-ap6212,3,senic-sandbox,9,1488553836,-53,57,4,81
ampak-ap6212,3,senic-sandbox,9,1488553837,-58,52,4,74
ampak-ap6212,3,senic-sandbox,9,1488553838,-61,49,4,70
ampak-ap6212,3,senic-sandbox,9,1488553839,-62,48,4,68
ampak-ap6212,3,senic-sandbox,9,1488553840,-60,50,4,71
ampak-ap6212,3,senic-sandbox,9,1488553841,-55,55,4,78
ampak-ap6212,3,senic-sandbox,9,1488553842,-57,53,4,75
ampak-ap6212,3,senic-sandbox,9,1488553843,-50,60,4,85
ampak-ap6212,3,senic-sandbox,9,1488553844,-55,55,4,78
ampak-ap6212,3,senic-sandbox,9,1488553845,-56,54,4,77
ampak-ap6212,3,senic-sandbox,9,1488553846,-56,54,4,77
ampak-ap6212,3,senic-sandbox,10,1488553905,-55,55,4,78
ampak-ap6212,3,senic-sandbox,10,1488553906,-56,54,4,77
ampak-ap6212,3,senic-sandbox,10,1488553907,-58,52,4,74
ampak-ap6212,3,senic-sandbox,10,1488553909,-58,52,4,74
ampak-ap6212,3,senic-sandbox,10,1488553910,-58,52,4,74
ampak-ap6212,3,senic-sandbox,10,1488553911,-66,44,4,62
ampak-ap6212,3,senic-sandbox,10,1488553912,-55,55,4,78
ampak-ap6212,3,senic-sandbox,10,1488553913,-59,51,4,72
ampak-ap6212,3,senic-sandbox,10,1488553914,-56,54,4,77
ampak-ap6212,3,senic-sandbox,10,1488553915,-56,54,4,77
ampak-ap6212,3,senic-sandbox,10,1488553916,-51,59,4,84
ampak-ap6212,3,senic-sandbox,10,1488553917,-54,56,4,80
ampak-ap6212,3,senic-sandbox,10,1488553918,-53,57,4,81
ampak-ap6212,3,senic-sandbox,10,1488553919,-52,58,4,82
ampak-ap6212,3,senic-sandbox,10,1488553920,-52,58,4,82
ampak-ap6212,3,senic-sandbox,10,1488553922,-50,60,4,85
ampak-ap6212,3,senic-sandbox,10,1488553923,-51,59,4,84
ampak-ap6212,3,senic-sandbox,10,1488553924,-52,58,4,82
ampak-ap6212,3,senic-sandbox,10,1488553925,-55,55,4,78
ampak-ap6212,3,senic-sandbox,10,1488553926,-54,56,4,80
ampak-ap6212,3,senic-sandbox,10,1488553927,-55,55,4,78
ampak-ap6212,3,senic-sandbox,10,1488553928,-56,54,4,77
ampak-ap6212,3,senic-sandbox,10,1488553929,-53,57,4,81
ampak-ap6212,3,senic-sandbox,10,1488553930,-52,58,4,82
ampak-ap6212,3,senic-sandbox,10,1488553932,-51,59,4,84
ampak-ap6212,3,senic-sandbox,10,1488553933,-52,58,4,82
ampak-ap6212,3,senic-sandbox,10,1488553934,-57,53,4,75
ampak-ap6212,3,senic-sandbox,10,1488553935,-55,55,4,78
ampak-ap6212,3,senic-sandbox,10,1488553936,-55,55,4,78
ampak-ap6212,3,senic-sandbox,10,1488553937,-53,57,4,81
ampak-ap6212,3,senic-sandbox,10,1488553938,-56,54,4,77
ampak-ap6212,3,senic-sandbox,11,1488554001,-57,53,4,75
ampak-ap6212,3,senic-sandbox,11,1488554002,-57,53,4,75
ampak-ap6212,3,senic-sandbox,11,1488554003,-60,50,4,71
ampak-ap6212,3,senic-sandbox,11,1488554004,-59,51,4,72
ampak-ap6212,3,senic-sandbox,11,1488554006,-59,51,4,72
ampak-ap6212,3,senic-sandbox,11,1488554007,-56,54,4,77
ampak-ap6212,3,senic-sandbox,11,1488554008,-56,54,4,77
ampak-ap6212,3,senic-sandbox,11,1488554009,-59,51,4,72
ampak-ap6212,3,senic-sandbox,11,1488554010,-61,49,4,70
ampak-ap6212,3,senic-sandbox,11,1488554011,-59,51,4,72
ampak-ap6212,3,senic-sandbox,11,1488554012,-61,49,4,70
ampak-ap6212,3,senic-sandbox,11,1488554013,-58,52,4,74
ampak-ap6212,3,senic-sandbox,11,1488554014,-59,51,4,72
ampak-ap6212,3,senic-sandbox,11,1488554015,-62,48,4,68
ampak-ap6212,3,senic-sandbox,11,1488554016,-62,48,4,68
ampak-ap6212,3,senic-sandbox,11,1488554018,-57,53,4,75
ampak-ap6212,3,senic-sandbox,11,1488554019,-59,51,4,72
ampak-ap6212,3,senic-sandbox,11,1488554020,-60,50,4,71
ampak-ap6212,3,senic-sandbox,11,1488554021,-58,52,4,74
ampak-ap6212,3,senic-sandbox,11,1488554022,-60,50,4,71
ampak-ap6212,3,senic-sandbox,11,1488554023,-58,52,4,74
ampak-ap6212,3,senic-sandbox,11,1488554024,-58,52,4,74
ampak-ap6212,3,senic-sandbox,11,1488554025,-57,53,4,75
ampak-ap6212,3,senic-sandbox,11,1488554026,-58,52,4,74
ampak-ap6212,3,senic-sandbox,11,1488554027,-58,52,4,74
ampak-ap6212,3,senic-sandbox,11,1488554028,-57,53,4,75
ampak-ap6212,3,senic-sandbox,11,1488554029,-60,50,4,71
ampak-ap6212,3,senic-sandbox,11,1488554031,-60,50,4,71
ampak-ap6212,3,senic-sandbox,11,1488554032,-58,52,4,74
ampak-ap6212,3,senic-sandbox,11,1488554033,-59,51,4,72
ampak-ap6212,3,senic-sandbox,11,1488554034,-58,52,4,74
ampak-ap6212,3,senic-sandbox,12,1488554088,-68,42,4,60
ampak-ap6212,3,senic-sandbox,12,1488554090,-69,41,4,58
ampak-ap6212,3,senic-sandbox,12,1488554091,-66,44,4,62
ampak-ap6212,3,senic-sandbox,12,1488554092,-69,41,4,58
ampak-ap6212,3,senic-sandbox,12,1488554093,-71,39,4,55
ampak-ap6212,3,senic-sandbox,12,1488554094,-69,41,4,58
ampak-ap6212,3,senic-sandbox,12,1488554095,-66,44,4,62
ampak-ap6212,3,senic-sandbox,12,1488554096,-65,45,4,64
ampak-ap6212,3,senic-sandbox,12,1488554097,-70,40,4,57
ampak-ap6212,3,senic-sandbox,12,1488554098,-71,39,4,55
ampak-ap6212,3,senic-sandbox,12,1488554099,-63,47,4,67
ampak-ap6212,3,senic-sandbox,12,1488554100,-65,45,4,64
ampak-ap6212,3,senic-sandbox,12,1488554101,-73,37,4,52
ampak-ap6212,3,senic-sandbox,12,1488554103,-69,41,4,58
ampak-ap6212,3,senic-sandbox,12,1488554104,-66,44,4,62
ampak-ap6212,3,senic-sandbox,12,1488554105,-66,44,4,62
ampak-ap6212,3,senic-sandbox,12,1488554106,-66,44,4,62
ampak-ap6212,3,senic-sandbox,12,1488554107,-66,44,4,62
ampak-ap6212,3,senic-sandbox,12,1488554108,-63,47,4,67
ampak-ap6212,3,senic-sandbox,12,1488554109,-63,47,4,67
ampak-ap6212,3,senic-sandbox,12,1488554110,-62,48,4,68
ampak-ap6212,3,senic-sandbox,12,1488554111,-66,44,4,62
ampak-ap6212,3,senic-sandbox,12,1488554112,-64,46,4,65
ampak-ap6212,3,senic-sandbox,12,1488554113,-65,45,4,64
ampak-ap6212,3,senic-sandbox,12,1488554114,-65,45,4,64
ampak-ap6212,3,senic-sandbox,12,1488554116,-64,46,4,65
ampak-ap6212,3,senic-sandbox,12,1488554117,-63,47,4,67
ampak-ap6212,3,senic-sandbox,12,1488554118,-62,48,4,68
ampak-ap6212,3,senic-sandbox,12,1488554119,-64,46,4,65
ampak-ap6212,3,senic-sandbox,12,1488554120,-63,47,4,67
ampak-ap6212,3,senic-sandbox,12,1488554121,-68,42,4,60
ampak-ap6212,4,senic-sandbox,12,1488554215,-61,49,4,70
ampak-ap6212,4,senic-sandbox,12,1488554216,-63,47,4,67
ampak-ap6212,4,senic-sandbox,12,1488554217,-61,49,4,70
ampak-ap6212,4,senic-sandbox,12,1488554218,-61,49,4,70
ampak-ap6212,4,senic-sandbox,12,1488554219,-66,44,4,62
ampak-ap6212,4,senic-sandbox,12,1488554220,-62,48,4,68
ampak-ap6212,4,senic-sandbox,12,1488554221,-61,49,4,70
ampak-ap6212,4,senic-sandbox,12,1488554222,-64,46,4,65
ampak-ap6212,4,senic-sandbox,12,1488554223,-62,48,4,68
ampak-ap6212,4,senic-sandbox,12,1488554224,-61,49,4,70
ampak-ap6212,4,senic-sandbox,12,1488554226,-64,46,4,65
ampak-ap6212,4,senic-sandbox,12,1488554227,-64,46,4,65
ampak-ap6212,4,senic-sandbox,12,1488554228,-66,44,4,62
ampak-ap6212,4,senic-sandbox,12,1488554229,-61,49,4,70
ampak-ap6212,4,senic-sandbox,12,1488554230,-61,49,4,70
ampak-ap6212,4,senic-sandbox,12,1488554231,-62,48,4,68
ampak-ap6212,4,senic-sandbox,12,1488554232,-62,48,4,68
ampak-ap6212,4,senic-sandbox,12,1488554233,-62,48,4,68
ampak-ap6212,4,senic-sandbox,12,1488554234,-63,47,4,67
ampak-ap6212,4,senic-sandbox,12,1488554235,-62,48,4,68
ampak-ap6212,4,senic-sandbox,12,1488554236,-62,48,4,68
ampak-ap6212,4,senic-sandbox,12,1488554237,-64,46,4,65
ampak-ap6212,4,senic-sandbox,12,1488554239,-61,49,4,70
ampak-ap6212,4,senic-sandbox,12,1488554240,-62,48,4,68
ampak-ap6212,4,senic-sandbox,12,1488554241,-61,49,4,70
ampak-ap6212,4,senic-sandbox,12,1488554242,-62,48,4,68
ampak-ap6212,4,senic-sandbox,12,1488554243,-60,50,4,71
ampak-ap6212,4,senic-sandbox,12,1488554244,-62,48,4,68
ampak-ap6212,4,senic-sandbox,12,1488554245,-63,47,4,67
ampak-ap6212,4,senic-sandbox,12,1488554246,-62,48,4,68
ampak-ap6212,4,senic-sandbox,12,1488554247,-63,47,4,67
ampak-ap6212,4,senic-sandbox,11,1488554531,-66,44,4,62
ampak-ap6212,4,senic-sandbox,11,1488554532,-64,46,4,65
ampak-ap6212,4,senic-sandbox,11,1488554533,-63,47,4,67
ampak-ap6212,4,senic-sandbox,11,1488554534,-64,46,4,65
ampak-ap6212,4,senic-sandbox,11,1488554536,-56,54,4,77
ampak-ap6212,4,senic-sandbox,11,1488554537,-60,50,4,71
ampak-ap6212,4,senic-sandbox,11,1488554538,-59,51,4,72
ampak-ap6212,4,senic-sandbox,11,1488554539,-59,51,4,72
ampak-ap6212,4,senic-sandbox,11,1488554540,-60,50,4,71
ampak-ap6212,4,senic-sandbox,11,1488554541,-63,47,4,67
ampak-ap6212,4,senic-sandbox,11,1488554542,-63,47,4,67
ampak-ap6212,4,senic-sandbox,11,1488554543,-63,47,4,67
ampak-ap6212,4,senic-sandbox,11,1488554544,-62,48,4,68
ampak-ap6212,4,senic-sandbox,11,1488554545,-63,47,4,67
ampak-ap6212,4,senic-sandbox,11,1488554546,-64,46,4,65
ampak-ap6212,4,senic-sandbox,11,1488554547,-64,46,4,65
ampak-ap6212,4,senic-sandbox,11,1488554549,-67,43,4,61
ampak-ap6212,4,senic-sandbox,11,1488554550,-63,47,4,67
ampak-ap6212,4,senic-sandbox,11,1488554551,-62,48,4,68
ampak-ap6212,4,senic-sandbox,11,1488554552,-60,50,4,71
ampak-ap6212,4,senic-sandbox,11,1488554553,-61,49,4,70
ampak-ap6212,4,senic-sandbox,11,1488554554,-60,50,4,71
ampak-ap6212,4,senic-sandbox,11,1488554555,-60,50,4,71
ampak-ap6212,4,senic-sandbox,11,1488554556,-62,48,4,68
ampak-ap6212,4,senic-sandbox,11,1488554557,-61,49,4,70
ampak-ap6212,4,senic-sandbox,11,1488554558,-60,50,4,71
ampak-ap6212,4,senic-sandbox,11,1488554559,-62,48,4,68
ampak-ap6212,4,senic-sandbox,11,1488554560,-61,49,4,70
ampak-ap6212,4,senic-sandbox,11,1488554562,-62,48,4,68
ampak-ap6212,4,senic-sandbox,11,1488554563,-63,47,4,67
ampak-ap6212,4,senic-sandbox,11,1488554564,-61,49,4,70
ampak-ap6212,4,senic-sandbox,10,1488554617,-61,49,4,70
ampak-ap6212,4,senic-sandbox,10,1488554618,-60,50,4,71
ampak-ap6212,4,senic-sandbox,10,1488554619,-57,53,4,75
ampak-ap6212,4,senic-sandbox,10,1488554620,-57,53,4,75
ampak-ap6212,4,senic-sandbox,10,1488554621,-59,51,4,72
ampak-ap6212,4,senic-sandbox,10,1488554622,-58,52,4,74
ampak-ap6212,4,senic-sandbox,10,1488554623,-60,50,4,71
ampak-ap6212,4,senic-sandbox,10,1488554625,-60,50,4,71
ampak-ap6212,4,senic-sandbox,10,1488554626,-60,50,4,71
ampak-ap6212,4,senic-sandbox,10,1488554627,-61,49,4,70
ampak-ap6212,4,senic-sandbox,10,1488554628,-66,44,4,62
ampak-ap6212,4,senic-sandbox,10,1488554629,-63,47,4,67
ampak-ap6212,4,senic-sandbox,10,1488554630,-60,50,4,71
ampak-ap6212,4,senic-sandbox,10,1488554631,-63,47,4,67
ampak-ap6212,4,senic-sandbox,10,1488554632,-59,51,4,72
ampak-ap6212,4,senic-sandbox,10,1488554633,-58,52,4,74
ampak-ap6212,4,senic-sandbox,10,1488554634,-67,43,4,61
ampak-ap6212,4,senic-sandbox,10,1488554635,-59,51,4,72
ampak-ap6212,4,senic-sandbox,10,1488554636,-64,46,4,65
ampak-ap6212,4,senic-sandbox,10,1488554638,-62,48,4,68
ampak-ap6212,4,senic-sandbox,10,1488554639,-63,47,4,67
ampak-ap6212,4,senic-sandbox,10,1488554640,-62,48,4,68
ampak-ap6212,4,senic-sandbox,10,1488554641,-64,46,4,65
ampak-ap6212,4,senic-sandbox,10,1488554642,-64,46,4,65
ampak-ap6212,4,senic-sandbox,10,1488554643,-63,47,4,67
ampak-ap6212,4,senic-sandbox,10,1488554644,-63,47,4,67
ampak-ap6212,4,senic-sandbox,10,1488554645,-64,46,4,65
ampak-ap6212,4,senic-sandbox,10,1488554646,-63,47,4,67
ampak-ap6212,4,senic-sandbox,10,1488554647,-63,47,4,67
ampak-ap6212,4,senic-sandbox,10,1488554648,-63,47,4,67
ampak-ap6212,4,senic-sandbox,10,1488554649,-63,47,4,67
ampak-ap6212,4,senic-sandbox,9,1488554705,-56,54,4,77
ampak-ap6212,4,senic-sandbox,9,1488554706,-62,48,4,68
ampak-ap6212,4,senic-sandbox,9,1488554707,-60,50,4,71
ampak-ap6212,4,senic-sandbox,9,1488554708,-57,53,4,75
ampak-ap6212,4,senic-sandbox,9,1488554710,-58,52,4,74
ampak-ap6212,4,senic-sandbox,9,1488554711,-57,53,4,75
ampak-ap6212,4,senic-sandbox,9,1488554712,-57,53,4,75
ampak-ap6212,4,senic-sandbox,9,1488554713,-57,53,4,75
ampak-ap6212,4,senic-sandbox,9,1488554714,-57,53,4,75
ampak-ap6212,4,senic-sandbox,9,1488554715,-57,53,4,75
ampak-ap6212,4,senic-sandbox,9,1488554716,-58,52,4,74
ampak-ap6212,4,senic-sandbox,9,1488554717,-58,52,4,74
ampak-ap6212,4,senic-sandbox,9,1488554718,-58,52,4,74
ampak-ap6212,4,senic-sandbox,9,1488554719,-57,53,4,75
ampak-ap6212,4,senic-sandbox,9,1488554720,-57,53,4,75
ampak-ap6212,4,senic-sandbox,9,1488554721,-57,53,4,75
ampak-ap6212,4,senic-sandbox,9,1488554723,-56,54,4,77
ampak-ap6212,4,senic-sandbox,9,1488554724,-57,53,4,75
ampak-ap6212,4,senic-sandbox,9,1488554725,-56,54,4,77
ampak-ap6212,4,senic-sandbox,9,1488554726,-58,52,4,74
ampak-ap6212,4,senic-sandbox,9,1488554727,-58,52,4,74
ampak-ap6212,4,senic-sandbox,9,1488554728,-58,52,4,74
ampak-ap6212,4,senic-sandbox,9,1488554729,-57,53,4,75
ampak-ap6212,4,senic-sandbox,9,1488554730,-58,52,4,74
ampak-ap6212,4,senic-sandbox,9,1488554731,-58,52,4,74
ampak-ap6212,4,senic-sandbox,9,1488554732,-57,53,4,75
ampak-ap6212,4,senic-sandbox,9,1488554733,-57,53,4,75
ampak-ap6212,4,senic-sandbox,9,1488554734,-57,53,4,75
ampak-ap6212,4,senic-sandbox,9,1488554736,-57,53,4,75
ampak-ap6212,4,senic-sandbox,9,1488554737,-60,50,4,71
ampak-ap6212,4,senic-sandbox,9,1488554738,-62,48,4,68
ampak-ap6212,4,senic-sandbox,8,1488554788,-64,46,4,65
ampak-ap6212,4,senic-sandbox,8,1488554789,-60,50,4,71
ampak-ap6212,4,senic-sandbox,8,1488554790,-57,53,4,75
ampak-ap6212,4,senic-sandbox,8,1488554791,-58,52,4,74
ampak-ap6212,4,senic-sandbox,8,1488554792,-58,52,4,74
ampak-ap6212,4,senic-sandbox,8,1488554793,-57,53,4,75
ampak-ap6212,4,senic-sandbox,8,1488554794,-56,54,4,77
ampak-ap6212,4,senic-sandbox,8,1488554795,-57,53,4,75
ampak-ap6212,4,senic-sandbox,8,1488554796,-56,54,4,77
ampak-ap6212,4,senic-sandbox,8,1488554798,-57,53,4,75
ampak-ap6212,4,senic-sandbox,8,1488554799,-57,53,4,75
ampak-ap6212,4,senic-sandbox,8,1488554800,-56,54,4,77
ampak-ap6212,4,senic-sandbox,8,1488554801,-57,53,4,75
ampak-ap6212,4,senic-sandbox,8,1488554802,-58,52,4,74
ampak-ap6212,4,senic-sandbox,8,1488554803,-57,53,4,75
ampak-ap6212,4,senic-sandbox,8,1488554804,-58,52,4,74
ampak-ap6212,4,senic-sandbox,8,1488554805,-59,51,4,72
ampak-ap6212,4,senic-sandbox,8,1488554806,-58,52,4,74
ampak-ap6212,4,senic-sandbox,8,1488554807,-58,52,4,74
ampak-ap6212,4,senic-sandbox,8,1488554808,-60,50,4,71
ampak-ap6212,4,senic-sandbox,8,1488554809,-59,51,4,72
ampak-ap6212,4,senic-sandbox,8,1488554811,-59,51,4,72
ampak-ap6212,4,senic-sandbox,8,1488554812,-59,51,4,72
ampak-ap6212,4,senic-sandbox,8,1488554813,-57,53,4,75
ampak-ap6212,4,senic-sandbox,8,1488554814,-59,51,4,72
ampak-ap6212,4,senic-sandbox,8,1488554815,-59,51,4,72
ampak-ap6212,4,senic-sandbox,8,1488554816,-60,50,4,71
ampak-ap6212,4,senic-sandbox,8,1488554817,-59,51,4,72
ampak-ap6212,4,senic-sandbox,8,1488554818,-60,50,4,71
ampak-ap6212,4,senic-sandbox,8,1488554819,-60,50,4,71
ampak-ap6212,4,senic-sandbox,8,1488554820,-58,52,4,74
ampak-ap6212,4,senic-sandbox,7,1488554866,-61,49,4,70
ampak-ap6212,4,senic-sandbox,7,1488554867,-58,52,4,74
ampak-ap6212,4,senic-sandbox,7,1488554868,-56,54,4,77
ampak-ap6212,4,senic-sandbox,7,1488554870,-50,60,4,85
ampak-ap6212,4,senic-sandbox,7,1488554871,-54,56,4,80
ampak-ap6212,4,senic-sandbox,7,1488554872,-56,54,4,77
ampak-ap6212,4,senic-sandbox,7,1488554873,-54,56,4,80
ampak-ap6212,4,senic-sandbox,7,1488554874,-54,56,4,80
ampak-ap6212,4,senic-sandbox,7,1488554875,-53,57,4,81
ampak-ap6212,4,senic-sandbox,7,1488554876,-54,56,4,80
ampak-ap6212,4,senic-sandbox,7,1488554877,-55,55,4,78
ampak-ap6212,4,senic-sandbox,7,1488554878,-54,56,4,80
ampak-ap6212,4,senic-sandbox,7,1488554880,-55,55,4,78
ampak-ap6212,4,senic-sandbox,7,1488554881,-56,54,4,77
ampak-ap6212,4,senic-sandbox,7,1488554882,-54,56,4,80
ampak-ap6212,4,senic-sandbox,7,1488554883,-55,55,4,78
ampak-ap6212,4,senic-sandbox,7,1488554884,-55,55,4,78
ampak-ap6212,4,senic-sandbox,7,1488554885,-55,55,4,78
ampak-ap6212,4,senic-sandbox,7,1488554886,-55,55,4,78
ampak-ap6212,4,senic-sandbox,7,1488554887,-56,54,4,77
ampak-ap6212,4,senic-sandbox,7,1488554888,-53,57,4,81
ampak-ap6212,4,senic-sandbox,7,1488554889,-55,55,4,78
ampak-ap6212,4,senic-sandbox,7,1488554890,-54,56,4,80
ampak-ap6212,4,senic-sandbox,7,1488554891,-55,55,4,78
ampak-ap6212,4,senic-sandbox,7,1488554893,-53,57,4,81
ampak-ap6212,4,senic-sandbox,7,1488554894,-52,58,4,82
ampak-ap6212,4,senic-sandbox,7,1488554895,-51,59,4,84
ampak-ap6212,4,senic-sandbox,7,1488554896,-51,59,4,84
ampak-ap6212,4,senic-sandbox,7,1488554897,-52,58,4,82
ampak-ap6212,4,senic-sandbox,7,1488554898,-50,60,4,85
ampak-ap6212,4,senic-sandbox,7,1488554899,-53,57,4,81
ampak-ap6212,4,senic-sandbox,6,1488554948,-42,68,4,97
ampak-ap6212,4,senic-sandbox,6,1488554949,-45,65,4,92
ampak-ap6212,4,senic-sandbox,6,1488554950,-41,69,4,98
ampak-ap6212,4,senic-sandbox,6,1488554951,-41,69,4,98
ampak-ap6212,4,senic-sandbox,6,1488554952,-41,69,4,98
ampak-ap6212,4,senic-sandbox,6,1488554953,-42,68,4,97
ampak-ap6212,4,senic-sandbox,6,1488554954,-41,69,4,98
ampak-ap6212,4,senic-sandbox,6,1488554956,-41,69,4,98
ampak-ap6212,4,senic-sandbox,6,1488554957,-41,69,4,98
ampak-ap6212,4,senic-sandbox,6,1488554958,-42,68,4,97
ampak-ap6212,4,senic-sandbox,6,1488554959,-42,68,4,97
ampak-ap6212,4,senic-sandbox,6,1488554960,-41,69,4,98
ampak-ap6212,4,senic-sandbox,6,1488554961,-41,69,4,98
ampak-ap6212,4,senic-sandbox,6,1488554962,-41,69,4,98
ampak-ap6212,4,senic-sandbox,6,1488554963,-42,68,4,97
ampak-ap6212,4,senic-sandbox,6,1488554964,-42,68,4,97
ampak-ap6212,4,senic-sandbox,6,1488554965,-42,68,4,97
ampak-ap6212,4,senic-sandbox,6,1488554966,-42,68,4,97
ampak-ap6212,4,senic-sandbox,6,1488554967,-42,68,4,97
ampak-ap6212,4,senic-sandbox,6,1488554968,-42,68,4,97
ampak-ap6212,4,senic-sandbox,6,1488554970,-42,68,4,97
ampak-ap6212,4,senic-sandbox,6,1488554971,-41,69,4,98
ampak-ap6212,4,senic-sandbox,6,1488554972,-41,69,4,98
ampak-ap6212,4,senic-sandbox,6,1488554973,-41,69,4,98
ampak-ap6212,4,senic-sandbox,6,1488554974,-41,69,4,98
ampak-ap6212,4,senic-sandbox,6,1488554975,-42,68,4,97
ampak-ap6212,4,senic-sandbox,6,1488554976,-42,68,4,97
ampak-ap6212,4,senic-sandbox,6,1488554977,-41,69,4,98
ampak-ap6212,4,senic-sandbox,6,1488554978,-41,69,4,98
ampak-ap6212,4,senic-sandbox,6,1488554979,-43,67,4,95
ampak-ap6212,4,senic-sandbox,6,1488554980,-41,69,4,98
ampak-ap6212,4,senic-sandbox,5,1488555032,-45,65,4,92
ampak-ap6212,4,senic-sandbox,5,1488555033,-42,68,4,97
ampak-ap6212,4,senic-sandbox,5,1488555034,-45,65,4,92
ampak-ap6212,4,senic-sandbox,5,1488555036,-44,66,4,94
ampak-ap6212,4,senic-sandbox,5,1488555037,-49,61,4,87
ampak-ap6212,4,senic-sandbox,5,1488555038,-45,65,4,92
ampak-ap6212,4,senic-sandbox,5,1488555039,-44,66,4,94
ampak-ap6212,4,senic-sandbox,5,1488555040,-46,64,4,91
ampak-ap6212,4,senic-sandbox,5,1488555041,-45,65,4,92
ampak-ap6212,4,senic-sandbox,5,1488555042,-44,66,4,94
ampak-ap6212,4,senic-sandbox,5,1488555043,-42,68,4,97
ampak-ap6212,4,senic-sandbox,5,1488555044,-44,66,4,94
ampak-ap6212,4,senic-sandbox,5,1488555045,-42,68,4,97
ampak-ap6212,4,senic-sandbox,5,1488555046,-44,66,4,94
ampak-ap6212,4,senic-sandbox,5,1488555047,-43,67,4,95
ampak-ap6212,4,senic-sandbox,5,1488555049,-44,66,4,94
ampak-ap6212,4,senic-sandbox,5,1488555050,-44,66,4,94
ampak-ap6212,4,senic-sandbox,5,1488555051,-43,67,4,95
ampak-ap6212,4,senic-sandbox,5,1488555052,-43,67,4,95
ampak-ap6212,4,senic-sandbox,5,1488555053,-43,67,4,95
ampak-ap6212,4,senic-sandbox,5,1488555054,-43,67,4,95
ampak-ap6212,4,senic-sandbox,5,1488555055,-44,66,4,94
ampak-ap6212,4,senic-sandbox,5,1488555056,-42,68,4,97
ampak-ap6212,4,senic-sandbox,5,1488555057,-43,67,4,95
ampak-ap6212,4,senic-sandbox,5,1488555058,-43,67,4,95
ampak-ap6212,4,senic-sandbox,5,1488555059,-44,66,4,94
ampak-ap6212,4,senic-sandbox,5,1488555060,-43,67,4,95
ampak-ap6212,4,senic-sandbox,5,1488555061,-43,67,4,95
ampak-ap6212,4,senic-sandbox,5,1488555063,-43,67,4,95
ampak-ap6212,4,senic-sandbox,5,1488555064,-45,65,4,92
ampak-ap6212,4,senic-sandbox,5,1488555065,-44,66,4,94
ampak-ap6212,4,senic-sandbox,4,1488555132,-42,68,4,97
ampak-ap6212,4,senic-sandbox,4,1488555133,-43,67,4,95
ampak-ap6212,4,senic-sandbox,4,1488555134,-45,65,4,92
ampak-ap6212,4,senic-sandbox,4,1488555135,-48,62,4,88
ampak-ap6212,4,senic-sandbox,4,1488555136,-46,64,4,91
ampak-ap6212,4,senic-sandbox,4,1488555137,-48,62,4,88
ampak-ap6212,4,senic-sandbox,4,1488555139,-45,65,4,92
ampak-ap6212,4,senic-sandbox,4,1488555140,-46,64,4,91
ampak-ap6212,4,senic-sandbox,4,1488555141,-45,65,4,92
ampak-ap6212,4,senic-sandbox,4,1488555142,-45,65,4,92
ampak-ap6212,4,senic-sandbox,4,1488555143,-46,64,4,91
ampak-ap6212,4,senic-sandbox,4,1488555144,-45,65,4,92
ampak-ap6212,4,senic-sandbox,4,1488555145,-46,64,4,91
ampak-ap6212,4,senic-sandbox,4,1488555146,-46,64,4,91
ampak-ap6212,4,senic-sandbox,4,1488555147,-46,64,4,91
ampak-ap6212,4,senic-sandbox,4,1488555148,-47,63,4,90
ampak-ap6212,4,senic-sandbox,4,1488555149,-46,64,4,91
ampak-ap6212,4,senic-sandbox,4,1488555151,-46,64,4,91
ampak-ap6212,4,senic-sandbox,4,1488555152,-46,64,4,91
ampak-ap6212,4,senic-sandbox,4,1488555153,-45,65,4,92
ampak-ap6212,4,senic-sandbox,4,1488555154,-45,65,4,92
ampak-ap6212,4,senic-sandbox,4,1488555155,-45,65,4,92
ampak-ap6212,4,senic-sandbox,4,1488555156,-47,63,4,90
ampak-ap6212,4,senic-sandbox,4,1488555157,-45,65,4,92
ampak-ap6212,4,senic-sandbox,4,1488555158,-47,63,4,90
ampak-ap6212,4,senic-sandbox,4,1488555159,-45,65,4,92
ampak-ap6212,4,senic-sandbox,4,1488555160,-45,65,4,92
ampak-ap6212,4,senic-sandbox,4,1488555161,-46,64,4,91
ampak-ap6212,4,senic-sandbox,4,1488555162,-45,65,4,92
ampak-ap6212,4,senic-sandbox,4,1488555163,-46,64,4,91
ampak-ap6212,4,senic-sandbox,4,1488555165,-45,65,4,92
ampak-ap6212,4,senic-sandbox,3,1488555212,-50,60,4,85
ampak-ap6212,4,senic-sandbox,3,1488555213,-52,58,4,82
ampak-ap6212,4,senic-sandbox,3,1488555214,-46,64,4,91
ampak-ap6212,4,senic-sandbox,3,1488555215,-47,63,4,90
ampak-ap6212,4,senic-sandbox,3,1488555216,-47,63,4,90
ampak-ap6212,4,senic-sandbox,3,1488555217,-47,63,4,90
ampak-ap6212,4,senic-sandbox,3,1488555218,-49,61,4,87
ampak-ap6212,4,senic-sandbox,3,1488555219,-46,64,4,91
ampak-ap6212,4,senic-sandbox,3,1488555220,-45,65,4,92
ampak-ap6212,4,senic-sandbox,3,1488555222,-46,64,4,91
ampak-ap6212,4,senic-sandbox,3,1488555223,-45,65,4,92
ampak-ap6212,4,senic-sandbox,3,1488555224,-43,67,4,95
ampak-ap6212,4,senic-sandbox,3,1488555225,-46,64,4,91
ampak-ap6212,4,senic-sandbox,3,1488555226,-44,66,4,94
ampak-ap6212,4,senic-sandbox,3,1488555227,-45,65,4,92
ampak-ap6212,4,senic-sandbox,3,1488555228,-45,65,4,92
ampak-ap6212,4,senic-sandbox,3,1488555229,-47,63,4,90
ampak-ap6212,4,senic-sandbox,3,1488555231,-44,66,4,94
ampak-ap6212,4,senic-sandbox,3,1488555232,-51,59,4,84
ampak-ap6212,4,senic-sandbox,3,1488555233,-51,59,4,84
ampak-ap6212,4,senic-sandbox,3,1488555234,-49,61,4,87
ampak-ap6212,4,senic-sandbox,3,1488555235,-49,61,4,87
ampak-ap6212,4,senic-sandbox,3,1488555236,-59,51,4,72
ampak-ap6212,4,senic-sandbox,3,1488555237,-56,54,4,77
ampak-ap6212,4,senic-sandbox,3,1488555238,-47,63,4,90
ampak-ap6212,4,senic-sandbox,3,1488555239,-46,64,4,91
ampak-ap6212,4,senic-sandbox,3,1488555240,-48,62,4,88
ampak-ap6212,4,senic-sandbox,3,1488555241,-49,61,4,87
ampak-ap6212,4,senic-sandbox,3,1488555243,-47,63,4,90
ampak-ap6212,4,senic-sandbox,3,1488555244,-47,63,4,90
ampak-ap6212,4,senic-sandbox,3,1488555245,-43,67,4,95
ampak-ap6212,4,senic-sandbox,2,1488555292,-42,68,4,97
ampak-ap6212,4,senic-sandbox,2,1488555293,-41,69,4,98
ampak-ap6212,4,senic-sandbox,2,1488555294,-42,68,4,97
ampak-ap6212,4,senic-sandbox,2,1488555295,-45,65,4,92
ampak-ap6212,4,senic-sandbox,2,1488555296,-46,64,4,91
ampak-ap6212,4,senic-sandbox,2,1488555297,-43,67,4,95
ampak-ap6212,4,senic-sandbox,2,1488555298,-40,70,4,100
ampak-ap6212,4,senic-sandbox,2,1488555300,-40,70,4,100
ampak-ap6212,4,senic-sandbox,2,1488555301,-42,68,4,97
ampak-ap6212,4,senic-sandbox,2,1488555302,-41,69,4,98
ampak-ap6212,4,senic-sandbox,2,1488555303,-41,69,4,98
ampak-ap6212,4,senic-sandbox,2,1488555304,-42,68,4,97
ampak-ap6212,4,senic-sandbox,2,1488555305,-41,69,4,98
ampak-ap6212,4,senic-sandbox,2,1488555306,-42,68,4,97
ampak-ap6212,4,senic-sandbox,2,1488555307,-43,67,4,95
ampak-ap6212,4,senic-sandbox,2,1488555308,-41,69,4,98
ampak-ap6212,4,senic-sandbox,2,1488555309,-41,69,4,98
ampak-ap6212,4,senic-sandbox,2,1488555310,-41,69,4,98
ampak-ap6212,4,senic-sandbox,2,1488555311,-43,67,4,95
ampak-ap6212,4,senic-sandbox,2,1488555313,-42,68,4,97
ampak-ap6212,4,senic-sandbox,2,1488555314,-42,68,4,97
ampak-ap6212,4,senic-sandbox,2,1488555315,-46,64,4,91
ampak-ap6212,4,senic-sandbox,2,1488555316,-42,68,4,97
ampak-ap6212,4,senic-sandbox,2,1488555317,-42,68,4,97
ampak-ap6212,4,senic-sandbox,2,1488555318,-46,64,4,91
ampak-ap6212,4,senic-sandbox,2,1488555319,-41,69,4,98
ampak-ap6212,4,senic-sandbox,2,1488555320,-42,68,4,97
ampak-ap6212,4,senic-sandbox,2,1488555321,-42,68,4,97
ampak-ap6212,4,senic-sandbox,2,1488555322,-42,68,4,97
ampak-ap6212,4,senic-sandbox,2,1488555323,-42,68,4,97
ampak-ap6212,4,senic-sandbox,2,1488555324,-41,69,4,98
ampak-ap6212,4,senic-sandbox,1,1488555378,-42,68,4,97
ampak-ap6212,4,senic-sandbox,1,1488555379,-43,67,4,95
ampak-ap6212,4,senic-sandbox,1,1488555380,-48,62,4,88
ampak-ap6212,4,senic-sandbox,1,1488555381,-43,67,4,95
ampak-ap6212,4,senic-sandbox,1,1488555382,-45,65,4,92
ampak-ap6212,4,senic-sandbox,1,1488555384,-48,62,4,88
ampak-ap6212,4,senic-sandbox,1,1488555385,-50,60,4,85
ampak-ap6212,4,senic-sandbox,1,1488555386,-51,59,4,84
ampak-ap6212,4,senic-sandbox,1,1488555387,-49,61,4,87
ampak-ap6212,4,senic-sandbox,1,1488555388,-48,62,4,88
ampak-ap6212,4,senic-sandbox,1,1488555389,-53,57,4,81
ampak-ap6212,4,senic-sandbox,1,1488555390,-49,61,4,87
ampak-ap6212,4,senic-sandbox,1,1488555391,-53,57,4,81
ampak-ap6212,4,senic-sandbox,1,1488555392,-53,57,4,81
ampak-ap6212,4,senic-sandbox,1,1488555393,-55,55,4,78
ampak-ap6212,4,senic-sandbox,1,1488555394,-56,54,4,77
ampak-ap6212,4,senic-sandbox,1,1488555395,-55,55,4,78
ampak-ap6212,4,senic-sandbox,1,1488555397,-56,54,4,77
ampak-ap6212,4,senic-sandbox,1,1488555398,-62,48,4,68
ampak-ap6212,4,senic-sandbox,1,1488555399,-56,54,4,77
ampak-ap6212,4,senic-sandbox,1,1488555400,-58,52,4,74
ampak-ap6212,4,senic-sandbox,1,1488555401,-58,52,4,74
ampak-ap6212,4,senic-sandbox,1,1488555402,-57,53,4,75
ampak-ap6212,4,senic-sandbox,1,1488555403,-56,54,4,77
ampak-ap6212,4,senic-sandbox,1,1488555404,-55,55,4,78
ampak-ap6212,4,senic-sandbox,1,1488555405,-55,55,4,78
ampak-ap6212,4,senic-sandbox,1,1488555406,-58,52,4,74
ampak-ap6212,4,senic-sandbox,1,1488555407,-53,57,4,81
ampak-ap6212,4,senic-sandbox,1,1488555408,-55,55,4,78
ampak-ap6212,4,senic-sandbox,1,1488555410,-49,61,4,87
ampak-ap6212,4,senic-sandbox,1,1488555411,-57,53,4,75
ampak-ap6212,4,senic-sandbox,0,1488555459,-42,68,4,97
ampak-ap6212,4,senic-sandbox,0,1488555460,-42,68,4,97
ampak-ap6212,4,senic-sandbox,0,1488555461,-44,66,4,94
ampak-ap6212,4,senic-sandbox,0,1488555462,-37,70,4,100
ampak-ap6212,4,senic-sandbox,0,1488555463,-35,70,4,100
ampak-ap6212,4,senic-sandbox,0,1488555464,-39,70,4,100
ampak-ap6212,4,senic-sandbox,0,1488555465,-37,70,4,100
ampak-ap6212,4,senic-sandbox,0,1488555467,-39,70,4,100
ampak-ap6212,4,senic-sandbox,0,1488555468,-41,69,4,98
ampak-ap6212,4,senic-sandbox,0,1488555469,-40,70,4,100
ampak-ap6212,4,senic-sandbox,0,1488555470,-40,70,4,100
ampak-ap6212,4,senic-sandbox,0,1488555471,-40,70,4,100
ampak-ap6212,4,senic-sandbox,0,1488555472,-41,69,4,98
ampak-ap6212,4,senic-sandbox,0,1488555473,-36,70,4,100
ampak-ap6212,4,senic-sandbox,0,1488555474,-36,70,4,100
ampak-ap6212,4,senic-sandbox,0,1488555475,-40,70,4,100
ampak-ap6212,4,senic-sandbox,0,1488555476,-40,70,4,100
ampak-ap6212,4,senic-sandbox,0,1488555477,-40,70,4,100
ampak-ap6212,4,senic-sandbox,0,1488555478,-36,70,4,100
ampak-ap6212,4,senic-sandbox,0,1488555480,-37,70,4,100
ampak-ap6212,4,senic-sandbox,0,1488555481,-37,70,4,100
ampak-ap6212,4,senic-sandbox,0,1488555482,-38,70,4,100
ampak-ap6212,4,senic-sandbox,0,1488555483,-39,70,4,100
ampak-ap6212,4,senic-sandbox,0,1488555484,-40,70,4,100
ampak-ap6212,4,senic-sandbox,0,1488555485,-40,70,4,100
ampak-ap6212,4,senic-sandbox,0,1488555486,-40,70,4,100
ampak-ap6212,4,senic-sandbox,0,1488555487,-39,70,4,100
ampak-ap6212,4,senic-sandbox,0,1488555488,-38,70,4,100
ampak-ap6212,4,senic-sandbox,0,1488555489,-39,70,4,100
ampak-ap6212,4,senic-sandbox,0,1488555490,-40,70,4,100
ampak-ap6212,4,senic-sandbox,0,1488555491,-40,70,4,100
ampak-ap6212,5,senic-sandbox,0,1488555690,-42,68,4,97
ampak-ap6212,5,senic-sandbox,0,1488555691,-43,67,4,95
ampak-ap6212,5,senic-sandbox,0,1488555692,-42,68,4,97
ampak-ap6212,5,senic-sandbox,0,1488555693,-41,69,4,98
ampak-ap6212,5,senic-sandbox,0,1488555695,-40,70,4,100
ampak-ap6212,5,senic-sandbox,0,1488555696,-39,70,4,100
ampak-ap6212,5,senic-sandbox,0,1488555697,-40,70,4,100
ampak-ap6212,5,senic-sandbox,0,1488555698,-43,67,4,95
ampak-ap6212,5,senic-sandbox,0,1488555699,-40,70,4,100
ampak-ap6212,5,senic-sandbox,0,1488555700,-42,68,4,97
ampak-ap6212,5,senic-sandbox,0,1488555701,-46,64,4,91
ampak-ap6212,5,senic-sandbox,0,1488555702,-43,67,4,95
ampak-ap6212,5,senic-sandbox,0,1488555703,-42,68,4,97
ampak-ap6212,5,senic-sandbox,0,1488555704,-49,61,4,87
ampak-ap6212,5,senic-sandbox,0,1488555705,-43,67,4,95
ampak-ap6212,5,senic-sandbox,0,1488555706,-43,67,4,95
ampak-ap6212,5,senic-sandbox,0,1488555708,-40,70,4,100
ampak-ap6212,5,senic-sandbox,0,1488555709,-43,67,4,95
ampak-ap6212,5,senic-sandbox,0,1488555710,-41,69,4,98
ampak-ap6212,5,senic-sandbox,0,1488555711,-39,70,4,100
ampak-ap6212,5,senic-sandbox,0,1488555712,-41,69,4,98
ampak-ap6212,5,senic-sandbox,0,1488555713,-40,70,4,100
ampak-ap6212,5,senic-sandbox,0,1488555714,-40,70,4,100
ampak-ap6212,5,senic-sandbox,0,1488555715,-42,68,4,97
ampak-ap6212,5,senic-sandbox,0,1488555716,-43,67,4,95
ampak-ap6212,5,senic-sandbox,0,1488555717,-42,68,4,97
ampak-ap6212,5,senic-sandbox,0,1488555718,-42,68,4,97
ampak-ap6212,5,senic-sandbox,0,1488555719,-42,68,4,97
ampak-ap6212,5,senic-sandbox,0,1488555721,-42,68,4,97
ampak-ap6212,5,senic-sandbox,0,1488555722,-43,67,4,95
ampak-ap6212,5,senic-sandbox,0,1488555723,-42,68,4,97
ampak-ap6212,5,senic-sandbox,1,1488555776,-36,70,4,100
ampak-ap6212,5,senic-sandbox,1,1488555777,-36,70,4,100
ampak-ap6212,5,senic-sandbox,1,1488555779,-34,70,4,100
ampak-ap6212,5,senic-sandbox,1,1488555780,-35,70,4,100
ampak-ap6212,5,senic-sandbox,1,1488555781,-37,70,4,100
ampak-ap6212,5,senic-sandbox,1,1488555782,-35,70,4,100
ampak-ap6212,5,senic-sandbox,1,1488555783,-33,70,4,100
ampak-ap6212,5,senic-sandbox,1,1488555784,-33,70,4,100
ampak-ap6212,5,senic-sandbox,1,1488555785,-37,70,4,100
ampak-ap6212,5,senic-sandbox,1,1488555787,-38,70,4,100
ampak-ap6212,5,senic-sandbox,1,1488555788,-38,70,4,100
ampak-ap6212,5,senic-sandbox,1,1488555789,-37,70,4,100
ampak-ap6212,5,senic-sandbox,1,1488555790,-37,70,4,100
ampak-ap6212,5,senic-sandbox,1,1488555791,-36,70,4,100
ampak-ap6212,5,senic-sandbox,1,1488555792,-36,70,4,100
ampak-ap6212,5,senic-sandbox,1,1488555793,-36,70,4,100
ampak-ap6212,5,senic-sandbox,1,1488555794,-36,70,4,100
ampak-ap6212,5,senic-sandbox,1,1488555795,-36,70,4,100
ampak-ap6212,5,senic-sandbox,1,1488555796,-36,70,4,100
ampak-ap6212,5,senic-sandbox,1,1488555797,-36,70,4,100
ampak-ap6212,5,senic-sandbox,1,1488555798,-37,70,4,100
ampak-ap6212,5,senic-sandbox,1,1488555800,-38,70,4,100
ampak-ap6212,5,senic-sandbox,1,1488555801,-36,70,4,100
ampak-ap6212,5,senic-sandbox,1,1488555802,-36,70,4,100
ampak-ap6212,5,senic-sandbox,1,1488555803,-36,70,4,100
ampak-ap6212,5,senic-sandbox,1,1488555804,-36,70,4,100
ampak-ap6212,5,senic-sandbox,1,1488555805,-37,70,4,100
ampak-ap6212,5,senic-sandbox,1,1488555806,-37,70,4,100
ampak-ap6212,5,senic-sandbox,1,1488555807,-36,70,4,100
ampak-ap6212,5,senic-sandbox,1,1488555808,-37,70,4,100
ampak-ap6212,5,senic-sandbox,1,1488555809,-37,70,4,100
ampak-ap6212,5,senic-sandbox,2,1488555870,-36,70,4,100
ampak-ap6212,5,senic-sandbox,2,1488555871,-36,70,4,100
ampak-ap6212,5,senic-sandbox,2,1488555872,-36,70,4,100
ampak-ap6212,5,senic-sandbox,2,1488555873,-37,70,4,100
ampak-ap6212,5,senic-sandbox,2,1488555874,-37,70,4,100
ampak-ap6212,5,senic-sandbox,2,1488555875,-37,70,4,100
ampak-ap6212,5,senic-sandbox,2,1488555877,-38,70,4,100
ampak-ap6212,5,senic-sandbox,2,1488555878,-37,70,4,100
ampak-ap6212,5,senic-sandbox,2,1488555879,-36,70,4,100
ampak-ap6212,5,senic-sandbox,2,1488555880,-37,70,4,100
ampak-ap6212,5,senic-sandbox,2,1488555881,-37,70,4,100
ampak-ap6212,5,senic-sandbox,2,1488555882,-36,70,4,100
ampak-ap6212,5,senic-sandbox,2,1488555883,-36,70,4,100
ampak-ap6212,5,senic-sandbox,2,1488555884,-36,70,4,100
ampak-ap6212,5,senic-sandbox,2,1488555885,-36,70,4,100
ampak-ap6212,5,senic-sandbox,2,1488555886,-36,70,4,100
ampak-ap6212,5,senic-sandbox,2,1488555887,-36,70,4,100
ampak-ap6212,5,senic-sandbox,2,1488555888,-37,70,4,100
ampak-ap6212,5,senic-sandbox,2,1488555890,-36,70,4,100
ampak-ap6212,5,senic-sandbox,2,1488555891,-37,70,4,100
ampak-ap6212,5,senic-sandbox,2,1488555892,-37,70,4,100
ampak-ap6212,5,senic-sandbox,2,1488555893,-36,70,4,100
ampak-ap6212,5,senic-sandbox,2,1488555894,-36,70,4,100
ampak-ap6212,5,senic-sandbox,2,1488555895,-37,70,4,100
ampak-ap6212,5,senic-sandbox,2,1488555896,-38,70,4,100
ampak-ap6212,5,senic-sandbox,2,1488555897,-36,70,4,100
ampak-ap6212,5,senic-sandbox,2,1488555898,-36,70,4,100
ampak-ap6212,5,senic-sandbox,2,1488555899,-37,70,4,100
ampak-ap6212,5,senic-sandbox,2,1488555900,-37,70,4,100
ampak-ap6212,5,senic-sandbox,2,1488555901,-35,70,4,100
ampak-ap6212,5,senic-sandbox,2,1488555903,-37,70,4,100
ampak-ap6212,5,senic-sandbox,3,1488555960,-44,66,4,94
ampak-ap6212,5,senic-sandbox,3,1488555961,-44,66,4,94
ampak-ap6212,5,senic-sandbox,3,1488555962,-45,65,4,92
ampak-ap6212,5,senic-sandbox,3,1488555963,-45,65,4,92
ampak-ap6212,5,senic-sandbox,3,1488555964,-47,63,4,90
ampak-ap6212,5,senic-sandbox,3,1488555965,-44,66,4,94
ampak-ap6212,5,senic-sandbox,3,1488555966,-45,65,4,92
ampak-ap6212,5,senic-sandbox,3,1488555967,-46,64,4,91
ampak-ap6212,5,senic-sandbox,3,1488555968,-46,64,4,91
ampak-ap6212,5,senic-sandbox,3,1488555969,-45,65,4,92
ampak-ap6212,5,senic-sandbox,3,1488555971,-44,66,4,94
ampak-ap6212,5,senic-sandbox,3,1488555972,-44,66,4,94
ampak-ap6212,5,senic-sandbox,3,1488555973,-45,65,4,92
ampak-ap6212,5,senic-sandbox,3,1488555974,-46,64,4,91
ampak-ap6212,5,senic-sandbox,3,1488555975,-45,65,4,92
ampak-ap6212,5,senic-sandbox,3,1488555976,-47,63,4,90
ampak-ap6212,5,senic-sandbox,3,1488555977,-45,65,4,92
ampak-ap6212,5,senic-sandbox,3,1488555978,-44,66,4,94
ampak-ap6212,5,senic-sandbox,3,1488555979,-46,64,4,91
ampak-ap6212,5,senic-sandbox,3,1488555981,-47,63,4,90
ampak-ap6212,5,senic-sandbox,3,1488555982,-46,64,4,91
ampak-ap6212,5,senic-sandbox,3,1488555983,-46,64,4,91
ampak-ap6212,5,senic-sandbox,3,1488555984,-46,64,4,91
ampak-ap6212,5,senic-sandbox,3,1488555985,-46,64,4,91
ampak-ap6212,5,senic-sandbox,3,1488555986,-47,63,4,90
ampak-ap6212,5,senic-sandbox,3,1488555987,-45,65,4,92
ampak-ap6212,5,senic-sandbox,3,1488555988,-45,65,4,92
ampak-ap6212,5,senic-sandbox,3,1488555989,-48,62,4,88
ampak-ap6212,5,senic-sandbox,3,1488555990,-48,62,4,88
ampak-ap6212,5,senic-sandbox,3,1488555991,-47,63,4,90
ampak-ap6212,5,senic-sandbox,3,1488555992,-48,62,4,88
ampak-ap6212,5,senic-sandbox,4,1488556051,-47,63,4,90
ampak-ap6212,5,senic-sandbox,4,1488556052,-44,66,4,94
ampak-ap6212,5,senic-sandbox,4,1488556053,-44,66,4,94
ampak-ap6212,5,senic-sandbox,4,1488556054,-46,64,4,91
ampak-ap6212,5,senic-sandbox,4,1488556055,-45,65,4,92
ampak-ap6212,5,senic-sandbox,4,1488556056,-48,62,4,88
ampak-ap6212,5,senic-sandbox,4,1488556057,-46,64,4,91
ampak-ap6212,5,senic-sandbox,4,1488556058,-53,57,4,81
ampak-ap6212,5,senic-sandbox,4,1488556060,-46,64,4,91
ampak-ap6212,5,senic-sandbox,4,1488556061,-55,55,4,78
ampak-ap6212,5,senic-sandbox,4,1488556062,-53,57,4,81
ampak-ap6212,5,senic-sandbox,4,1488556063,-52,58,4,82
ampak-ap6212,5,senic-sandbox,4,1488556064,-50,60,4,85
ampak-ap6212,5,senic-sandbox,4,1488556065,-49,61,4,87
ampak-ap6212,5,senic-sandbox,4,1488556066,-51,59,4,84
ampak-ap6212,5,senic-sandbox,4,1488556067,-55,55,4,78
ampak-ap6212,5,senic-sandbox,4,1488556068,-53,57,4,81
ampak-ap6212,5,senic-sandbox,4,1488556069,-56,54,4,77
ampak-ap6212,5,senic-sandbox,4,1488556070,-55,55,4,78
ampak-ap6212,5,senic-sandbox,4,1488556071,-55,55,4,78
ampak-ap6212,5,senic-sandbox,4,1488556073,-56,54,4,77
ampak-ap6212,5,senic-sandbox,4,1488556074,-55,55,4,78
ampak-ap6212,5,senic-sandbox,4,1488556075,-56,54,4,77
ampak-ap6212,5,senic-sandbox,4,1488556076,-53,57,4,81
ampak-ap6212,5,senic-sandbox,4,1488556077,-55,55,4,78
ampak-ap6212,5,senic-sandbox,4,1488556078,-52,58,4,82
ampak-ap6212,5,senic-sandbox,4,1488556079,-52,58,4,82
ampak-ap6212,5,senic-sandbox,4,1488556080,-51,59,4,84
ampak-ap6212,5,senic-sandbox,4,1488556081,-53,57,4,81
ampak-ap6212,5,senic-sandbox,4,1488556082,-53,57,4,81
ampak-ap6212,5,senic-sandbox,4,1488556083,-51,59,4,84
ampak-ap6212,5,senic-sandbox,5,1488556135,-48,62,4,88
ampak-ap6212,5,senic-sandbox,5,1488556136,-51,59,4,84
ampak-ap6212,5,senic-sandbox,5,1488556137,-48,62,4,88
ampak-ap6212,5,senic-sandbox,5,1488556138,-50,60,4,85
ampak-ap6212,5,senic-sandbox,5,1488556140,-49,61,4,87
ampak-ap6212,5,senic-sandbox,5,1488556141,-50,60,4,85
ampak-ap6212,5,senic-sandbox,5,1488556142,-54,56,4,80
ampak-ap6212,5,senic-sandbox,5,1488556143,-53,57,4,81
ampak-ap6212,5,senic-sandbox,5,1488556144,-54,56,4,80
ampak-ap6212,5,senic-sandbox,5,1488556145,-51,59,4,84
ampak-ap6212,5,senic-sandbox,5,1488556146,-51,59,4,84
ampak-ap6212,5,senic-sandbox,5,1488556147,-53,57,4,81
ampak-ap6212,5,senic-sandbox,5,1488556148,-48,62,4,88
ampak-ap6212,5,senic-sandbox,5,1488556149,-50,60,4,85
ampak-ap6212,5,senic-sandbox,5,1488556150,-50,60,4,85
ampak-ap6212,5,senic-sandbox,5,1488556151,-48,62,4,88
ampak-ap6212,5,senic-sandbox,5,1488556153,-50,60,4,85
ampak-ap6212,5,senic-sandbox,5,1488556154,-49,61,4,87
ampak-ap6212,5,senic-sandbox,5,1488556155,-55,55,4,78
ampak-ap6212,5,senic-sandbox,5,1488556156,-53,57,4,81
ampak-ap6212,5,senic-sandbox,5,1488556157,-51,59,4,84
ampak-ap6212,5,senic-sandbox,5,1488556158,-54,56,4,80
ampak-ap6212,5,senic-sandbox,5,1488556159,-50,60,4,85
ampak-ap6212,5,senic-sandbox,5,1488556160,-52,58,4,82
ampak-ap6212,5,senic-sandbox,5,1488556161,-53,57,4,81
ampak-ap6212,5,senic-sandbox,5,1488556162,-54,56,4,80
ampak-ap6212,5,senic-sandbox,5,1488556163,-57,53,4,75
ampak-ap6212,5,senic-sandbox,5,1488556164,-55,55,4,78
ampak-ap6212,5,senic-sandbox,5,1488556166,-56,54,4,77
ampak-ap6212,5,senic-sandbox,5,1488556167,-57,53,4,75
ampak-ap6212,5,senic-sandbox,5,1488556168,-59,51,4,72
ampak-ap6212,5,senic-sandbox,6,1488556227,-47,63,4,90
ampak-ap6212,5,senic-sandbox,6,1488556228,-47,63,4,90
ampak-ap6212,5,senic-sandbox,6,1488556229,-46,64,4,91
ampak-ap6212,5,senic-sandbox,6,1488556230,-47,63,4,90
ampak-ap6212,5,senic-sandbox,6,1488556231,-47,63,4,90
ampak-ap6212,5,senic-sandbox,6,1488556233,-47,63,4,90
ampak-ap6212,5,senic-sandbox,6,1488556234,-47,63,4,90
ampak-ap6212,5,senic-sandbox,6,1488556235,-50,60,4,85
ampak-ap6212,5,senic-sandbox,6,1488556236,-53,57,4,81
ampak-ap6212,5,senic-sandbox,6,1488556237,-51,59,4,84
ampak-ap6212,5,senic-sandbox,6,1488556238,-50,60,4,85
ampak-ap6212,5,senic-sandbox,6,1488556239,-53,57,4,81
ampak-ap6212,5,senic-sandbox,6,1488556240,-53,57,4,81
ampak-ap6212,5,senic-sandbox,6,1488556241,-48,62,4,88
ampak-ap6212,5,senic-sandbox,6,1488556242,-51,59,4,84
ampak-ap6212,5,senic-sandbox,6,1488556243,-48,62,4,88
ampak-ap6212,5,senic-sandbox,6,1488556244,-51,59,4,84
ampak-ap6212,5,senic-sandbox,6,1488556246,-49,61,4,87
ampak-ap6212,5,senic-sandbox,6,1488556247,-51,59,4,84
ampak-ap6212,5,senic-sandbox,6,1488556248,-49,61,4,87
ampak-ap6212,5,senic-sandbox,6,1488556249,-50,60,4,85
ampak-ap6212,5,senic-sandbox,6,1488556250,-50,60,4,85
ampak-ap6212,5,senic-sandbox,6,1488556251,-50,60,4,85
ampak-ap6212,5,senic-sandbox,6,1488556252,-54,56,4,80
ampak-ap6212,5,senic-sandbox,6,1488556253,-49,61,4,87
ampak-ap6212,5,senic-sandbox,6,1488556254,-47,63,4,90
ampak-ap6212,5,senic-sandbox,6,1488556255,-49,61,4,87
ampak-ap6212,5,senic-sandbox,6,1488556256,-50,60,4,85
ampak-ap6212,5,senic-sandbox,6,1488556257,-48,62,4,88
ampak-ap6212,5,senic-sandbox,6,1488556259,-52,58,4,82
ampak-ap6212,5,senic-sandbox,6,1488556260,-49,61,4,87
ampak-ap6212,5,senic-sandbox,7,1488556315,-40,70,4,100
ampak-ap6212,5,senic-sandbox,7,1488556316,-40,70,4,100
ampak-ap6212,5,senic-sandbox,7,1488556317,-41,69,4,98
ampak-ap6212,5,senic-sandbox,7,1488556318,-41,69,4,98
ampak-ap6212,5,senic-sandbox,7,1488556319,-40,70,4,100
ampak-ap6212,5,senic-sandbox,7,1488556320,-41,69,4,98
ampak-ap6212,5,senic-sandbox,7,1488556321,-40,70,4,100
ampak-ap6212,5,senic-sandbox,7,1488556322,-40,70,4,100
ampak-ap6212,5,senic-sandbox,7,1488556324,-40,70,4,100
ampak-ap6212,5,senic-sandbox,7,1488556325,-41,69,4,98
ampak-ap6212,5,senic-sandbox,7,1488556326,-40,70,4,100
ampak-ap6212,5,senic-sandbox,7,1488556327,-41,69,4,98
ampak-ap6212,5,senic-sandbox,7,1488556328,-41,69,4,98
ampak-ap6212,5,senic-sandbox,7,1488556329,-41,69,4,98
ampak-ap6212,5,senic-sandbox,7,1488556330,-40,70,4,100
ampak-ap6212,5,senic-sandbox,7,1488556331,-41,69,4,98
ampak-ap6212,5,senic-sandbox,7,1488556332,-41,69,4,98
ampak-ap6212,5,senic-sandbox,7,1488556333,-40,70,4,100
ampak-ap6212,5,senic-sandbox,7,1488556334,-40,70,4,100
ampak-ap6212,5,senic-sandbox,7,1488556335,-40,70,4,100
ampak-ap6212,5,senic-sandbox,7,1488556337,-41,69,4,98
ampak-ap6212,5,senic-sandbox,7,1488556338,-41,69,4,98
ampak-ap6212,5,senic-sandbox,7,1488556339,-40,70,4,100
ampak-ap6212,5,senic-sandbox,7,1488556340,-40,70,4,100
ampak-ap6212,5,senic-sandbox,7,1488556341,-41,69,4,98
ampak-ap6212,5,senic-sandbox,7,1488556342,-40,70,4,100
ampak-ap6212,5,senic-sandbox,7,1488556343,-42,68,4,97
ampak-ap6212,5,senic-sandbox,7,1488556344,-43,67,4,95
ampak-ap6212,5,senic-sandbox,7,1488556345,-43,67,4,95
ampak-ap6212,5,senic-sandbox,7,1488556346,-42,68,4,97
ampak-ap6212,5,senic-sandbox,7,1488556348,-42,68,4,97
ampak-ap6212,5,senic-sandbox,8,1488556391,-47,63,4,90
ampak-ap6212,5,senic-sandbox,8,1488556392,-45,65,4,92
ampak-ap6212,5,senic-sandbox,8,1488556393,-45,65,4,92
ampak-ap6212,5,senic-sandbox,8,1488556394,-44,66,4,94
ampak-ap6212,5,senic-sandbox,8,1488556395,-44,66,4,94
ampak-ap6212,5,senic-sandbox,8,1488556396,-45,65,4,92
ampak-ap6212,5,senic-sandbox,8,1488556397,-44,66,4,94
ampak-ap6212,5,senic-sandbox,8,1488556398,-47,63,4,90
ampak-ap6212,5,senic-sandbox,8,1488556399,-45,65,4,92
ampak-ap6212,5,senic-sandbox,8,1488556401,-46,64,4,91
ampak-ap6212,5,senic-sandbox,8,1488556402,-46,64,4,91
ampak-ap6212,5,senic-sandbox,8,1488556403,-46,64,4,91
ampak-ap6212,5,senic-sandbox,8,1488556404,-45,65,4,92
ampak-ap6212,5,senic-sandbox,8,1488556405,-45,65,4,92
ampak-ap6212,5,senic-sandbox,8,1488556406,-45,65,4,92
ampak-ap6212,5,senic-sandbox,8,1488556407,-44,66,4,94
ampak-ap6212,5,senic-sandbox,8,1488556408,-45,65,4,92
ampak-ap6212,5,senic-sandbox,8,1488556409,-45,65,4,92
ampak-ap6212,5,senic-sandbox,8,1488556411,-45,65,4,92
ampak-ap6212,5,senic-sandbox,8,1488556412,-45,65,4,92
ampak-ap6212,5,senic-sandbox,8,1488556413,-45,65,4,92
ampak-ap6212,5,senic-sandbox,8,1488556414,-47,63,4,90
ampak-ap6212,5,senic-sandbox,8,1488556415,-46,64,4,91
ampak-ap6212,5,senic-sandbox,8,1488556416,-50,60,4,85
ampak-ap6212,5,senic-sandbox,8,1488556417,-46,64,4,91
ampak-ap6212,5,senic-sandbox,8,1488556418,-45,65,4,92
ampak-ap6212,5,senic-sandbox,8,1488556419,-45,65,4,92
ampak-ap6212,5,senic-sandbox,8,1488556420,-45,65,4,92
ampak-ap6212,5,senic-sandbox,8,1488556422,-45,65,4,92
ampak-ap6212,5,senic-sandbox,8,1488556423,-46,64,4,91
ampak-ap6212,5,senic-sandbox,8,1488556424,-46,64,4,91
ampak-ap6212,5,senic-sandbox,9,1488556468,-47,63,4,90
ampak-ap6212,5,senic-sandbox,9,1488556469,-46,64,4,91
ampak-ap6212,5,senic-sandbox,9,1488556470,-46,64,4,91
ampak-ap6212,5,senic-sandbox,9,1488556471,-45,65,4,92
ampak-ap6212,5,senic-sandbox,9,1488556472,-44,66,4,94
ampak-ap6212,5,senic-sandbox,9,1488556473,-46,64,4,91
ampak-ap6212,5,senic-sandbox,9,1488556474,-47,63,4,90
ampak-ap6212,5,senic-sandbox,9,1488556475,-46,64,4,91
ampak-ap6212,5,senic-sandbox,9,1488556477,-46,64,4,91
ampak-ap6212,5,senic-sandbox,9,1488556478,-45,65,4,92
ampak-ap6212,5,senic-sandbox,9,1488556479,-45,65,4,92
ampak-ap6212,5,senic-sandbox,9,1488556480,-44,66,4,94
ampak-ap6212,5,senic-sandbox,9,1488556481,-44,66,4,94
ampak-ap6212,5,senic-sandbox,9,1488556482,-46,64,4,91
ampak-ap6212,5,senic-sandbox,9,1488556483,-46,64,4,91
ampak-ap6212,5,senic-sandbox,9,1488556484,-45,65,4,92
ampak-ap6212,5,senic-sandbox,9,1488556485,-47,63,4,90
ampak-ap6212,5,senic-sandbox,9,1488556486,-47,63,4,90
ampak-ap6212,5,senic-sandbox,9,1488556487,-47,63,4,90
ampak-ap6212,5,senic-sandbox,9,1488556488,-47,63,4,90
ampak-ap6212,5,senic-sandbox,9,1488556489,-47,63,4,90
ampak-ap6212,5,senic-sandbox,9,1488556491,-46,64,4,91
ampak-ap6212,5,senic-sandbox,9,1488556492,-48,62,4,88
ampak-ap6212,5,senic-sandbox,9,1488556493,-48,62,4,88
ampak-ap6212,5,senic-sandbox,9,1488556494,-47,63,4,90
ampak-ap6212,5,senic-sandbox,9,1488556495,-47,63,4,90
ampak-ap6212,5,senic-sandbox,9,1488556496,-48,62,4,88
ampak-ap6212,5,senic-sandbox,9,1488556497,-47,63,4,90
ampak-ap6212,5,senic-sandbox,9,1488556498,-45,65,4,92
ampak-ap6212,5,senic-sandbox,9,1488556499,-45,65,4,92
ampak-ap6212,5,senic-sandbox,9,1488556500,-46,64,4,91
ampak-ap6212,5,senic-sandbox,10,1488556552,-47,63,4,90
ampak-ap6212,5,senic-sandbox,10,1488556553,-48,62,4,88
ampak-ap6212,5,senic-sandbox,10,1488556554,-47,63,4,90
ampak-ap6212,5,senic-sandbox,10,1488556556,-48,62,4,88
ampak-ap6212,5,senic-sandbox,10,1488556557,-48,62,4,88
ampak-ap6212,5,senic-sandbox,10,1488556558,-51,59,4,84
ampak-ap6212,5,senic-sandbox,10,1488556559,-48,62,4,88
ampak-ap6212,5,senic-sandbox,10,1488556560,-53,57,4,81
ampak-ap6212,5,senic-sandbox,10,1488556561,-48,62,4,88
ampak-ap6212,5,senic-sandbox,10,1488556562,-47,63,4,90
ampak-ap6212,5,senic-sandbox,10,1488556563,-48,62,4,88
ampak-ap6212,5,senic-sandbox,10,1488556564,-48,62,4,88
ampak-ap6212,5,senic-sandbox,10,1488556566,-47,63,4,90
ampak-ap6212,5,senic-sandbox,10,1488556567,-48,62,4,88
ampak-ap6212,5,senic-sandbox,10,1488556568,-47,63,4,90
ampak-ap6212,5,senic-sandbox,10,1488556569,-47,63,4,90
ampak-ap6212,5,senic-sandbox,10,1488556570,-48,62,4,88
ampak-ap6212,5,senic-sandbox,10,1488556571,-48,62,4,88
ampak-ap6212,5,senic-sandbox,10,1488556572,-47,63,4,90
ampak-ap6212,5,senic-sandbox,10,1488556573,-48,62,4,88
ampak-ap6212,5,senic-sandbox,10,1488556574,-47,63,4,90
ampak-ap6212,5,senic-sandbox,10,1488556575,-47,63,4,90
ampak-ap6212,5,senic-sandbox,10,1488556577,-47,63,4,90
ampak-ap6212,5,senic-sandbox,10,1488556578,-47,63,4,90
ampak-ap6212,5,senic-sandbox,10,1488556579,-48,62,4,88
ampak-ap6212,5,senic-sandbox,10,1488556580,-48,62,4,88
ampak-ap6212,5,senic-sandbox,10,1488556581,-47,63,4,90
ampak-ap6212,5,senic-sandbox,10,1488556582,-47,63,4,90
ampak-ap6212,5,senic-sandbox,10,1488556583,-47,63,4,90
ampak-ap6212,5,senic-sandbox,10,1488556584,-48,62,4,88
ampak-ap6212,5,senic-sandbox,10,1488556586,-47,63,4,90
ampak-ap6212,5,senic-sandbox,11,1488556637,-61,49,4,70
ampak-ap6212,5,senic-sandbox,11,1488556638,-62,48,4,68
ampak-ap6212,5,senic-sandbox,11,1488556639,-61,49,4,70
ampak-ap6212,5,senic-sandbox,11,1488556640,-60,50,4,71
ampak-ap6212,5,senic-sandbox,11,1488556641,-62,48,4,68
ampak-ap6212,5,senic-sandbox,11,1488556642,-61,49,4,70
ampak-ap6212,5,senic-sandbox,11,1488556643,-61,49,4,70
ampak-ap6212,5,senic-sandbox,11,1488556645,-61,49,4,70
ampak-ap6212,5,senic-sandbox,11,1488556646,-62,48,4,68
ampak-ap6212,5,senic-sandbox,11,1488556647,-61,49,4,70
ampak-ap6212,5,senic-sandbox,11,1488556648,-61,49,4,70
ampak-ap6212,5,senic-sandbox,11,1488556649,-61,49,4,70
ampak-ap6212,5,senic-sandbox,11,1488556650,-61,49,4,70
ampak-ap6212,5,senic-sandbox,11,1488556651,-60,50,4,71
ampak-ap6212,5,senic-sandbox,11,1488556652,-61,49,4,70
ampak-ap6212,5,senic-sandbox,11,1488556653,-61,49,4,70
ampak-ap6212,5,senic-sandbox,11,1488556654,-60,50,4,71
ampak-ap6212,5,senic-sandbox,11,1488556655,-60,50,4,71
ampak-ap6212,5,senic-sandbox,11,1488556656,-62,48,4,68
ampak-ap6212,5,senic-sandbox,11,1488556658,-61,49,4,70
ampak-ap6212,5,senic-sandbox,11,1488556659,-60,50,4,71
ampak-ap6212,5,senic-sandbox,11,1488556660,-61,49,4,70
ampak-ap6212,5,senic-sandbox,11,1488556661,-60,50,4,71
ampak-ap6212,5,senic-sandbox,11,1488556662,-60,50,4,71
ampak-ap6212,5,senic-sandbox,11,1488556663,-61,49,4,70
ampak-ap6212,5,senic-sandbox,11,1488556664,-60,50,4,71
ampak-ap6212,5,senic-sandbox,11,1488556665,-61,49,4,70
ampak-ap6212,5,senic-sandbox,11,1488556666,-60,50,4,71
ampak-ap6212,5,senic-sandbox,11,1488556667,-61,49,4,70
ampak-ap6212,5,senic-sandbox,11,1488556668,-61,49,4,70
ampak-ap6212,5,senic-sandbox,11,1488556669,-61,49,4,70
ampak-ap6212,5,senic-sandbox,12,1488556724,-59,51,4,72
ampak-ap6212,5,senic-sandbox,12,1488556725,-56,54,4,77
ampak-ap6212,5,senic-sandbox,12,1488556726,-60,50,4,71
ampak-ap6212,5,senic-sandbox,12,1488556727,-60,50,4,71
ampak-ap6212,5,senic-sandbox,12,1488556728,-60,50,4,71
ampak-ap6212,5,senic-sandbox,12,1488556729,-61,49,4,70
ampak-ap6212,5,senic-sandbox,12,1488556730,-60,50,4,71
ampak-ap6212,5,senic-sandbox,12,1488556731,-61,49,4,70
ampak-ap6212,5,senic-sandbox,12,1488556733,-60,50,4,71
ampak-ap6212,5,senic-sandbox,12,1488556734,-60,50,4,71
ampak-ap6212,5,senic-sandbox,12,1488556735,-60,50,4,71
ampak-ap6212,5,senic-sandbox,12,1488556736,-60,50,4,71
ampak-ap6212,5,senic-sandbox,12,1488556737,-60,50,4,71
ampak-ap6212,5,senic-sandbox,12,1488556738,-59,51,4,72
ampak-ap6212,5,senic-sandbox,12,1488556739,-60,50,4,71
ampak-ap6212,5,senic-sandbox,12,1488556740,-60,50,4,71
ampak-ap6212,5,senic-sandbox,12,1488556741,-60,50,4,71
ampak-ap6212,5,senic-sandbox,12,1488556742,-60,50,4,71
ampak-ap6212,5,senic-sandbox,12,1488556743,-59,51,4,72
ampak-ap6212,5,senic-sandbox,12,1488556744,-60,50,4,71
ampak-ap6212,5,senic-sandbox,12,1488556746,-59,51,4,72
ampak-ap6212,5,senic-sandbox,12,1488556747,-60,50,4,71
ampak-ap6212,5,senic-sandbox,12,1488556748,-59,51,4,72
ampak-ap6212,5,senic-sandbox,12,1488556749,-60,50,4,71
ampak-ap6212,5,senic-sandbox,12,1488556750,-60,50,4,71
ampak-ap6212,5,senic-sandbox,12,1488556751,-59,51,4,72
ampak-ap6212,5,senic-sandbox,12,1488556752,-59,51,4,72
ampak-ap6212,5,senic-sandbox,12,1488556753,-59,51,4,72
ampak-ap6212,5,senic-sandbox,12,1488556754,-59,51,4,72
ampak-ap6212,5,senic-sandbox,12,1488556756,-60,50,4,71
ampak-ap6212,5,senic-sandbox,12,1488556757,-59,51,4,72
ampak-ap6212,6,senic-sandbox,12,1488556946,-66,44,4,62
ampak-ap6212,6,senic-sandbox,12,1488556947,-65,45,4,64
ampak-ap6212,6,senic-sandbox,12,1488557018,-61,49,4,70
ampak-ap6212,6,senic-sandbox,12,1488557019,-64,46,4,65
ampak-ap6212,6,senic-sandbox,12,1488557020,-64,46,4,65
ampak-ap6212,6,senic-sandbox,12,1488557021,-65,45,4,64
ampak-ap6212,6,senic-sandbox,12,1488557022,-65,45,4,64
ampak-ap6212,6,senic-sandbox,12,1488557024,-65,45,4,64
ampak-ap6212,6,senic-sandbox,12,1488557025,-64,46,4,65
ampak-ap6212,6,senic-sandbox,12,1488557026,-66,44,4,62
ampak-ap6212,6,senic-sandbox,12,1488557027,-65,45,4,64
ampak-ap6212,6,senic-sandbox,12,1488557028,-64,46,4,65
ampak-ap6212,6,senic-sandbox,12,1488557029,-64,46,4,65
ampak-ap6212,6,senic-sandbox,12,1488557030,-63,47,4,67
ampak-ap6212,6,senic-sandbox,12,1488557031,-63,47,4,67
ampak-ap6212,6,senic-sandbox,12,1488557032,-63,47,4,67
ampak-ap6212,6,senic-sandbox,12,1488557033,-64,46,4,65
ampak-ap6212,6,senic-sandbox,12,1488557034,-64,46,4,65
ampak-ap6212,6,senic-sandbox,12,1488557035,-64,46,4,65
ampak-ap6212,6,senic-sandbox,12,1488557037,-64,46,4,65
ampak-ap6212,6,senic-sandbox,12,1488557038,-63,47,4,67
ampak-ap6212,6,senic-sandbox,12,1488557039,-66,44,4,62
ampak-ap6212,6,senic-sandbox,12,1488557040,-66,44,4,62
ampak-ap6212,6,senic-sandbox,12,1488557041,-66,44,4,62
ampak-ap6212,6,senic-sandbox,12,1488557042,-65,45,4,64
ampak-ap6212,6,senic-sandbox,12,1488557043,-65,45,4,64
ampak-ap6212,6,senic-sandbox,12,1488557044,-65,45,4,64
ampak-ap6212,6,senic-sandbox,12,1488557045,-65,45,4,64
ampak-ap6212,6,senic-sandbox,12,1488557046,-65,45,4,64
ampak-ap6212,6,senic-sandbox,12,1488557047,-65,45,4,64
ampak-ap6212,6,senic-sandbox,12,1488557048,-64,46,4,65
ampak-ap6212,6,senic-sandbox,11,1488557109,-57,53,4,75
ampak-ap6212,6,senic-sandbox,11,1488557110,-57,53,4,75
ampak-ap6212,6,senic-sandbox,11,1488557111,-57,53,4,75
ampak-ap6212,6,senic-sandbox,11,1488557112,-57,53,4,75
ampak-ap6212,6,senic-sandbox,11,1488557113,-59,51,4,72
ampak-ap6212,6,senic-sandbox,11,1488557114,-57,53,4,75
ampak-ap6212,6,senic-sandbox,11,1488557115,-59,51,4,72
ampak-ap6212,6,senic-sandbox,11,1488557116,-58,52,4,74
ampak-ap6212,6,senic-sandbox,11,1488557117,-57,53,4,75
ampak-ap6212,6,senic-sandbox,11,1488557119,-57,53,4,75
ampak-ap6212,6,senic-sandbox,11,1488557120,-59,51,4,72
ampak-ap6212,6,senic-sandbox,11,1488557121,-58,52,4,74
ampak-ap6212,6,senic-sandbox,11,1488557122,-60,50,4,71
ampak-ap6212,6,senic-sandbox,11,1488557123,-57,53,4,75
ampak-ap6212,6,senic-sandbox,11,1488557124,-58,52,4,74
ampak-ap6212,6,senic-sandbox,11,1488557125,-58,52,4,74
ampak-ap6212,6,senic-sandbox,11,1488557126,-58,52,4,74
ampak-ap6212,6,senic-sandbox,11,1488557128,-58,52,4,74
ampak-ap6212,6,senic-sandbox,11,1488557129,-58,52,4,74
ampak-ap6212,6,senic-sandbox,11,1488557130,-58,52,4,74
ampak-ap6212,6,senic-sandbox,11,1488557131,-57,53,4,75
ampak-ap6212,6,senic-sandbox,11,1488557132,-57,53,4,75
ampak-ap6212,6,senic-sandbox,11,1488557133,-58,52,4,74
ampak-ap6212,6,senic-sandbox,11,1488557134,-58,52,4,74
ampak-ap6212,6,senic-sandbox,11,1488557135,-57,53,4,75
ampak-ap6212,6,senic-sandbox,11,1488557136,-57,53,4,75
ampak-ap6212,6,senic-sandbox,11,1488557137,-57,53,4,75
ampak-ap6212,6,senic-sandbox,11,1488557138,-57,53,4,75
ampak-ap6212,6,senic-sandbox,11,1488557139,-57,53,4,75
ampak-ap6212,6,senic-sandbox,11,1488557141,-58,52,4,74
ampak-ap6212,6,senic-sandbox,11,1488557142,-60,50,4,71
ampak-ap6212,6,senic-sandbox,10,1488557224,-56,54,4,77
ampak-ap6212,6,senic-sandbox,10,1488557225,-55,55,4,78
ampak-ap6212,6,senic-sandbox,10,1488557226,-52,58,4,82
ampak-ap6212,6,senic-sandbox,10,1488557227,-52,58,4,82
ampak-ap6212,6,senic-sandbox,10,1488557228,-50,60,4,85
ampak-ap6212,6,senic-sandbox,10,1488557229,-52,58,4,82
ampak-ap6212,6,senic-sandbox,10,1488557230,-50,60,4,85
ampak-ap6212,6,senic-sandbox,10,1488557231,-52,58,4,82
ampak-ap6212,6,senic-sandbox,10,1488557232,-51,59,4,84
ampak-ap6212,6,senic-sandbox,10,1488557234,-52,58,4,82
ampak-ap6212,6,senic-sandbox,10,1488557235,-51,59,4,84
ampak-ap6212,6,senic-sandbox,10,1488557236,-52,58,4,82
ampak-ap6212,6,senic-sandbox,10,1488557237,-51,59,4,84
ampak-ap6212,6,senic-sandbox,10,1488557238,-54,56,4,80
ampak-ap6212,6,senic-sandbox,10,1488557239,-53,57,4,81
ampak-ap6212,6,senic-sandbox,10,1488557240,-54,56,4,80
ampak-ap6212,6,senic-sandbox,10,1488557241,-55,55,4,78
ampak-ap6212,6,senic-sandbox,10,1488557242,-53,57,4,81
ampak-ap6212,6,senic-sandbox,10,1488557243,-52,58,4,82
ampak-ap6212,6,senic-sandbox,10,1488557244,-53,57,4,81
ampak-ap6212,6,senic-sandbox,10,1488557245,-53,57,4,81
ampak-ap6212,6,senic-sandbox,10,1488557247,-54,56,4,80
ampak-ap6212,6,senic-sandbox,10,1488557248,-54,56,4,80
ampak-ap6212,6,senic-sandbox,10,1488557249,-53,57,4,81
ampak-ap6212,6,senic-sandbox,10,1488557250,-55,55,4,78
ampak-ap6212,6,senic-sandbox,10,1488557251,-53,57,4,81
ampak-ap6212,6,senic-sandbox,10,1488557252,-54,56,4,80
ampak-ap6212,6,senic-sandbox,10,1488557253,-53,57,4,81
ampak-ap6212,6,senic-sandbox,10,1488557254,-52,58,4,82
ampak-ap6212,6,senic-sandbox,10,1488557255,-54,56,4,80
ampak-ap6212,6,senic-sandbox,10,1488557256,-55,55,4,78
ampak-ap6212,6,senic-sandbox,9,1488557301,-54,56,4,80
ampak-ap6212,6,senic-sandbox,9,1488557302,-57,53,4,75
ampak-ap6212,6,senic-sandbox,9,1488557303,-55,55,4,78
ampak-ap6212,6,senic-sandbox,9,1488557304,-55,55,4,78
ampak-ap6212,6,senic-sandbox,9,1488557305,-56,54,4,77
ampak-ap6212,6,senic-sandbox,9,1488557306,-58,52,4,74
ampak-ap6212,6,senic-sandbox,9,1488557307,-55,55,4,78
ampak-ap6212,6,senic-sandbox,9,1488557309,-57,53,4,75
ampak-ap6212,6,senic-sandbox,9,1488557310,-56,54,4,77
ampak-ap6212,6,senic-sandbox,9,1488557311,-55,55,4,78
ampak-ap6212,6,senic-sandbox,9,1488557312,-56,54,4,77
ampak-ap6212,6,senic-sandbox,9,1488557313,-56,54,4,77
ampak-ap6212,6,senic-sandbox,9,1488557314,-57,53,4,75
ampak-ap6212,6,senic-sandbox,9,1488557315,-56,54,4,77
ampak-ap6212,6,senic-sandbox,9,1488557316,-56,54,4,77
ampak-ap6212,6,senic-sandbox,9,1488557317,-56,54,4,77
ampak-ap6212,6,senic-sandbox,9,1488557318,-56,54,4,77
ampak-ap6212,6,senic-sandbox,9,1488557319,-57,53,4,75
ampak-ap6212,6,senic-sandbox,9,1488557320,-55,55,4,78
ampak-ap6212,6,senic-sandbox,9,1488557322,-56,54,4,77
ampak-ap6212,6,senic-sandbox,9,1488557323,-56,54,4,77
ampak-ap6212,6,senic-sandbox,9,1488557324,-57,53,4,75
ampak-ap6212,6,senic-sandbox,9,1488557325,-56,54,4,77
ampak-ap6212,6,senic-sandbox,9,1488557326,-57,53,4,75
ampak-ap6212,6,senic-sandbox,9,1488557327,-56,54,4,77
ampak-ap6212,6,senic-sandbox,9,1488557328,-55,55,4,78
ampak-ap6212,6,senic-sandbox,9,1488557329,-56,54,4,77
ampak-ap6212,6,senic-sandbox,9,1488557330,-57,53,4,75
ampak-ap6212,6,senic-sandbox,9,1488557331,-55,55,4,78
ampak-ap6212,6,senic-sandbox,9,1488557332,-55,55,4,78
ampak-ap6212,6,senic-sandbox,9,1488557334,-54,56,4,80
ampak-ap6212,6,senic-sandbox,8,1488557393,-56,54,4,77
ampak-ap6212,6,senic-sandbox,8,1488557394,-56,54,4,77
ampak-ap6212,6,senic-sandbox,8,1488557395,-55,55,4,78
ampak-ap6212,6,senic-sandbox,8,1488557396,-58,52,4,74
ampak-ap6212,6,senic-sandbox,8,1488557397,-58,52,4,74
ampak-ap6212,6,senic-sandbox,8,1488557398,-57,53,4,75
ampak-ap6212,6,senic-sandbox,8,1488557399,-57,53,4,75
ampak-ap6212,6,senic-sandbox,8,1488557400,-57,53,4,75
ampak-ap6212,6,senic-sandbox,8,1488557401,-57,53,4,75
ampak-ap6212,6,senic-sandbox,8,1488557402,-53,57,4,81
ampak-ap6212,6,senic-sandbox,8,1488557404,-59,51,4,72
ampak-ap6212,6,senic-sandbox,8,1488557405,-54,56,4,80
ampak-ap6212,6,senic-sandbox,8,1488557406,-56,54,4,77
ampak-ap6212,6,senic-sandbox,8,1488557407,-58,52,4,74
ampak-ap6212,6,senic-sandbox,8,1488557408,-60,50,4,71
ampak-ap6212,6,senic-sandbox,8,1488557409,-60,50,4,71
ampak-ap6212,6,senic-sandbox,8,1488557410,-61,49,4,70
ampak-ap6212,6,senic-sandbox,8,1488557411,-58,52,4,74
ampak-ap6212,6,senic-sandbox,8,1488557412,-57,53,4,75
ampak-ap6212,6,senic-sandbox,8,1488557413,-59,51,4,72
ampak-ap6212,6,senic-sandbox,8,1488557414,-58,52,4,74
ampak-ap6212,6,senic-sandbox,8,1488557415,-59,51,4,72
ampak-ap6212,6,senic-sandbox,8,1488557417,-58,52,4,74
ampak-ap6212,6,senic-sandbox,8,1488557418,-56,54,4,77
ampak-ap6212,6,senic-sandbox,8,1488557419,-57,53,4,75
ampak-ap6212,6,senic-sandbox,8,1488557420,-57,53,4,75
ampak-ap6212,6,senic-sandbox,8,1488557421,-58,52,4,74
ampak-ap6212,6,senic-sandbox,8,1488557422,-55,55,4,78
ampak-ap6212,6,senic-sandbox,8,1488557423,-58,52,4,74
ampak-ap6212,6,senic-sandbox,8,1488557424,-58,52,4,74
ampak-ap6212,6,senic-sandbox,8,1488557425,-55,55,4,78
ampak-ap6212,6,senic-sandbox,7,1488557474,-47,63,4,90
ampak-ap6212,6,senic-sandbox,7,1488557475,-46,64,4,91
ampak-ap6212,6,senic-sandbox,7,1488557476,-54,56,4,80
ampak-ap6212,6,senic-sandbox,7,1488557477,-46,64,4,91
ampak-ap6212,6,senic-sandbox,7,1488557478,-48,62,4,88
ampak-ap6212,6,senic-sandbox,7,1488557479,-48,62,4,88
ampak-ap6212,6,senic-sandbox,7,1488557480,-47,63,4,90
ampak-ap6212,6,senic-sandbox,7,1488557481,-47,63,4,90
ampak-ap6212,6,senic-sandbox,7,1488557482,-47,63,4,90
ampak-ap6212,6,senic-sandbox,7,1488557484,-47,63,4,90
ampak-ap6212,6,senic-sandbox,7,1488557485,-47,63,4,90
ampak-ap6212,6,senic-sandbox,7,1488557486,-47,63,4,90
ampak-ap6212,6,senic-sandbox,7,1488557487,-47,63,4,90
ampak-ap6212,6,senic-sandbox,7,1488557488,-46,64,4,91
ampak-ap6212,6,senic-sandbox,7,1488557489,-47,63,4,90
ampak-ap6212,6,senic-sandbox,7,1488557490,-47,63,4,90
ampak-ap6212,6,senic-sandbox,7,1488557491,-47,63,4,90
ampak-ap6212,6,senic-sandbox,7,1488557492,-47,63,4,90
ampak-ap6212,6,senic-sandbox,7,1488557493,-48,62,4,88
ampak-ap6212,6,senic-sandbox,7,1488557494,-46,64,4,91
ampak-ap6212,6,senic-sandbox,7,1488557495,-47,63,4,90
ampak-ap6212,6,senic-sandbox,7,1488557497,-48,62,4,88
ampak-ap6212,6,senic-sandbox,7,1488557498,-47,63,4,90
ampak-ap6212,6,senic-sandbox,7,1488557499,-48,62,4,88
ampak-ap6212,6,senic-sandbox,7,1488557500,-49,61,4,87
ampak-ap6212,6,senic-sandbox,7,1488557501,-48,62,4,88
ampak-ap6212,6,senic-sandbox,7,1488557502,-48,62,4,88
ampak-ap6212,6,senic-sandbox,7,1488557503,-48,62,4,88
ampak-ap6212,6,senic-sandbox,7,1488557504,-48,62,4,88
ampak-ap6212,6,senic-sandbox,7,1488557505,-50,60,4,85
ampak-ap6212,6,senic-sandbox,7,1488557506,-48,62,4,88
ampak-ap6212,6,senic-sandbox,6,1488557552,-39,70,4,100
ampak-ap6212,6,senic-sandbox,6,1488557553,-41,69,4,98
ampak-ap6212,6,senic-sandbox,6,1488557554,-40,70,4,100
ampak-ap6212,6,senic-sandbox,6,1488557555,-39,70,4,100
ampak-ap6212,6,senic-sandbox,6,1488557556,-39,70,4,100
ampak-ap6212,6,senic-sandbox,6,1488557557,-39,70,4,100
ampak-ap6212,6,senic-sandbox,6,1488557558,-39,70,4,100
ampak-ap6212,6,senic-sandbox,6,1488557559,-39,70,4,100
ampak-ap6212,6,senic-sandbox,6,1488557560,-40,70,4,100
ampak-ap6212,6,senic-sandbox,6,1488557561,-39,70,4,100
ampak-ap6212,6,senic-sandbox,6,1488557563,-40,70,4,100
ampak-ap6212,6,senic-sandbox,6,1488557564,-40,70,4,100
ampak-ap6212,6,senic-sandbox,6,1488557565,-39,70,4,100
ampak-ap6212,6,senic-sandbox,6,1488557566,-40,70,4,100
ampak-ap6212,6,senic-sandbox,6,1488557567,-40,70,4,100
ampak-ap6212,6,senic-sandbox,6,1488557568,-39,70,4,100
ampak-ap6212,6,senic-sandbox,6,1488557569,-39,70,4,100
ampak-ap6212,6,senic-sandbox,6,1488557570,-39,70,4,100
ampak-ap6212,6,senic-sandbox,6,1488557572,-39,70,4,100
ampak-ap6212,6,senic-sandbox,6,1488557573,-40,70,4,100
ampak-ap6212,6,senic-sandbox,6,1488557574,-40,70,4,100
ampak-ap6212,6,senic-sandbox,6,1488557575,-39,70,4,100
ampak-ap6212,6,senic-sandbox,6,1488557576,-40,70,4,100
ampak-ap6212,6,senic-sandbox,6,1488557577,-39,70,4,100
ampak-ap6212,6,senic-sandbox,6,1488557578,-39,70,4,100
ampak-ap6212,6,senic-sandbox,6,1488557579,-40,70,4,100
ampak-ap6212,6,senic-sandbox,6,1488557580,-40,70,4,100
ampak-ap6212,6,senic-sandbox,6,1488557581,-40,70,4,100
ampak-ap6212,6,senic-sandbox,6,1488557582,-39,70,4,100
ampak-ap6212,6,senic-sandbox,6,1488557583,-39,70,4,100
ampak-ap6212,6,senic-sandbox,6,1488557585,-39,70,4,100
ampak-ap6212,6,senic-sandbox,5,1488557647,-49,61,4,87
ampak-ap6212,6,senic-sandbox,5,1488557648,-45,65,4,92
ampak-ap6212,6,senic-sandbox,5,1488557649,-46,64,4,91
ampak-ap6212,6,senic-sandbox,5,1488557650,-46,64,4,91
ampak-ap6212,6,senic-sandbox,5,1488557651,-46,64,4,91
ampak-ap6212,6,senic-sandbox,5,1488557652,-46,64,4,91
ampak-ap6212,6,senic-sandbox,5,1488557653,-47,63,4,90
ampak-ap6212,6,senic-sandbox,5,1488557654,-48,62,4,88
ampak-ap6212,6,senic-sandbox,5,1488557655,-48,62,4,88
ampak-ap6212,6,senic-sandbox,5,1488557656,-47,63,4,90
ampak-ap6212,6,senic-sandbox,5,1488557658,-48,62,4,88
ampak-ap6212,6,senic-sandbox,5,1488557659,-47,63,4,90
ampak-ap6212,6,senic-sandbox,5,1488557660,-48,62,4,88
ampak-ap6212,6,senic-sandbox,5,1488557661,-47,63,4,90
ampak-ap6212,6,senic-sandbox,5,1488557662,-47,63,4,90
ampak-ap6212,6,senic-sandbox,5,1488557663,-48,62,4,88
ampak-ap6212,6,senic-sandbox,5,1488557664,-48,62,4,88
ampak-ap6212,6,senic-sandbox,5,1488557665,-48,62,4,88
ampak-ap6212,6,senic-sandbox,5,1488557666,-48,62,4,88
ampak-ap6212,6,senic-sandbox,5,1488557667,-49,61,4,87
ampak-ap6212,6,senic-sandbox,5,1488557668,-49,61,4,87
ampak-ap6212,6,senic-sandbox,5,1488557670,-50,60,4,85
ampak-ap6212,6,senic-sandbox,5,1488557671,-50,60,4,85
ampak-ap6212,6,senic-sandbox,5,1488557672,-49,61,4,87
ampak-ap6212,6,senic-sandbox,5,1488557673,-50,60,4,85
ampak-ap6212,6,senic-sandbox,5,1488557674,-50,60,4,85
ampak-ap6212,6,senic-sandbox,5,1488557675,-50,60,4,85
ampak-ap6212,6,senic-sandbox,5,1488557676,-49,61,4,87
ampak-ap6212,6,senic-sandbox,5,1488557677,-48,62,4,88
ampak-ap6212,6,senic-sandbox,5,1488557678,-47,63,4,90
ampak-ap6212,6,senic-sandbox,5,1488557679,-47,63,4,90
ampak-ap6212,6,senic-sandbox,4,1488557730,-40,70,4,100
ampak-ap6212,6,senic-sandbox,4,1488557731,-41,69,4,98
ampak-ap6212,6,senic-sandbox,4,1488557732,-41,69,4,98
ampak-ap6212,6,senic-sandbox,4,1488557733,-40,70,4,100
ampak-ap6212,6,senic-sandbox,4,1488557734,-41,69,4,98
ampak-ap6212,6,senic-sandbox,4,1488557735,-40,70,4,100
ampak-ap6212,6,senic-sandbox,4,1488557736,-40,70,4,100
ampak-ap6212,6,senic-sandbox,4,1488557737,-42,68,4,97
ampak-ap6212,6,senic-sandbox,4,1488557738,-41,69,4,98
ampak-ap6212,6,senic-sandbox,4,1488557739,-40,70,4,100
ampak-ap6212,6,senic-sandbox,4,1488557740,-40,70,4,100
ampak-ap6212,6,senic-sandbox,4,1488557741,-41,69,4,98
ampak-ap6212,6,senic-sandbox,4,1488557743,-41,69,4,98
ampak-ap6212,6,senic-sandbox,4,1488557744,-41,69,4,98
ampak-ap6212,6,senic-sandbox,4,1488557745,-42,68,4,97
ampak-ap6212,6,senic-sandbox,4,1488557746,-41,69,4,98
ampak-ap6212,6,senic-sandbox,4,1488557747,-42,68,4,97
ampak-ap6212,6,senic-sandbox,4,1488557748,-42,68,4,97
ampak-ap6212,6,senic-sandbox,4,1488557749,-41,69,4,98
ampak-ap6212,6,senic-sandbox,4,1488557750,-41,69,4,98
ampak-ap6212,6,senic-sandbox,4,1488557751,-43,67,4,95
ampak-ap6212,6,senic-sandbox,4,1488557752,-42,68,4,97
ampak-ap6212,6,senic-sandbox,4,1488557753,-42,68,4,97
ampak-ap6212,6,senic-sandbox,4,1488557754,-42,68,4,97
ampak-ap6212,6,senic-sandbox,4,1488557756,-43,67,4,95
ampak-ap6212,6,senic-sandbox,4,1488557757,-42,68,4,97
ampak-ap6212,6,senic-sandbox,4,1488557758,-43,67,4,95
ampak-ap6212,6,senic-sandbox,4,1488557759,-43,67,4,95
ampak-ap6212,6,senic-sandbox,4,1488557760,-42,68,4,97
ampak-ap6212,6,senic-sandbox,4,1488557761,-42,68,4,97
ampak-ap6212,6,senic-sandbox,4,1488557762,-43,67,4,95
ampak-ap6212,6,senic-sandbox,3,1488557817,-43,67,4,95
ampak-ap6212,6,senic-sandbox,3,1488557818,-42,68,4,97
ampak-ap6212,6,senic-sandbox,3,1488557819,-43,67,4,95
ampak-ap6212,6,senic-sandbox,3,1488557821,-43,67,4,95
ampak-ap6212,6,senic-sandbox,3,1488557822,-41,69,4,98
ampak-ap6212,6,senic-sandbox,3,1488557823,-42,68,4,97
ampak-ap6212,6,senic-sandbox,3,1488557824,-42,68,4,97
ampak-ap6212,6,senic-sandbox,3,1488557825,-42,68,4,97
ampak-ap6212,6,senic-sandbox,3,1488557826,-41,69,4,98
ampak-ap6212,6,senic-sandbox,3,1488557827,-42,68,4,97
ampak-ap6212,6,senic-sandbox,3,1488557828,-42,68,4,97
ampak-ap6212,6,senic-sandbox,3,1488557829,-46,64,4,91
ampak-ap6212,6,senic-sandbox,3,1488557830,-47,63,4,90
ampak-ap6212,6,senic-sandbox,3,1488557831,-41,69,4,98
ampak-ap6212,6,senic-sandbox,3,1488557832,-41,69,4,98
ampak-ap6212,6,senic-sandbox,3,1488557834,-41,69,4,98
ampak-ap6212,6,senic-sandbox,3,1488557835,-41,69,4,98
ampak-ap6212,6,senic-sandbox,3,1488557836,-40,70,4,100
ampak-ap6212,6,senic-sandbox,3,1488557837,-41,69,4,98
ampak-ap6212,6,senic-sandbox,3,1488557838,-41,69,4,98
ampak-ap6212,6,senic-sandbox,3,1488557839,-42,68,4,97
ampak-ap6212,6,senic-sandbox,3,1488557840,-42,68,4,97
ampak-ap6212,6,senic-sandbox,3,1488557841,-40,70,4,100
ampak-ap6212,6,senic-sandbox,3,1488557842,-42,68,4,97
ampak-ap6212,6,senic-sandbox,3,1488557843,-42,68,4,97
ampak-ap6212,6,senic-sandbox,3,1488557844,-41,69,4,98
ampak-ap6212,6,senic-sandbox,3,1488557845,-40,70,4,100
ampak-ap6212,6,senic-sandbox,3,1488557847,-40,70,4,100
ampak-ap6212,6,senic-sandbox,3,1488557848,-40,70,4,100
ampak-ap6212,6,senic-sandbox,3,1488557849,-40,70,4,100
ampak-ap6212,6,senic-sandbox,3,1488557850,-43,67,4,95
ampak-ap6212,6,senic-sandbox,2,1488557897,-35,70,4,100
ampak-ap6212,6,senic-sandbox,2,1488557898,-33,70,4,100
ampak-ap6212,6,senic-sandbox,2,1488557899,-33,70,4,100
ampak-ap6212,6,senic-sandbox,2,1488557901,-33,70,4,100
ampak-ap6212,6,senic-sandbox,2,1488557902,-34,70,4,100
ampak-ap6212,6,senic-sandbox,2,1488557903,-34,70,4,100
ampak-ap6212,6,senic-sandbox,2,1488557904,-33,70,4,100
ampak-ap6212,6,senic-sandbox,2,1488557905,-34,70,4,100
ampak-ap6212,6,senic-sandbox,2,1488557906,-33,70,4,100
ampak-ap6212,6,senic-sandbox,2,1488557907,-34,70,4,100
ampak-ap6212,6,senic-sandbox,2,1488557908,-34,70,4,100
ampak-ap6212,6,senic-sandbox,2,1488557909,-35,70,4,100
ampak-ap6212,6,senic-sandbox,2,1488557910,-34,70,4,100
ampak-ap6212,6,senic-sandbox,2,1488557911,-35,70,4,100
ampak-ap6212,6,senic-sandbox,2,1488557913,-34,70,4,100
ampak-ap6212,6,senic-sandbox,2,1488557914,-33,70,4,100
ampak-ap6212,6,senic-sandbox,2,1488557915,-34,70,4,100
ampak-ap6212,6,senic-sandbox,2,1488557916,-34,70,4,100
ampak-ap6212,6,senic-sandbox,2,1488557917,-33,70,4,100
ampak-ap6212,6,senic-sandbox,2,1488557918,-34,70,4,100
ampak-ap6212,6,senic-sandbox,2,1488557919,-33,70,4,100
ampak-ap6212,6,senic-sandbox,2,1488557920,-33,70,4,100
ampak-ap6212,6,senic-sandbox,2,1488557921,-34,70,4,100
ampak-ap6212,6,senic-sandbox,2,1488557922,-34,70,4,100
ampak-ap6212,6,senic-sandbox,2,1488557923,-34,70,4,100
ampak-ap6212,6,senic-sandbox,2,1488557924,-33,70,4,100
ampak-ap6212,6,senic-sandbox,2,1488557925,-33,70,4,100
ampak-ap6212,6,senic-sandbox,2,1488557927,-34,70,4,100
ampak-ap6212,6,senic-sandbox,2,1488557928,-33,70,4,100
ampak-ap6212,6,senic-sandbox,2,1488557929,-33,70,4,100
ampak-ap6212,6,senic-sandbox,2,1488557930,-33,70,4,100
ampak-ap6212,6,senic-sandbox,1,1488557973,-37,70,4,100
ampak-ap6212,6,senic-sandbox,1,1488557974,-37,70,4,100
ampak-ap6212,6,senic-sandbox,1,1488557975,-36,70,4,100
ampak-ap6212,6,senic-sandbox,1,1488557977,-36,70,4,100
ampak-ap6212,6,senic-sandbox,1,1488557978,-36,70,4,100
ampak-ap6212,6,senic-sandbox,1,1488557979,-33,70,4,100
ampak-ap6212,6,senic-sandbox,1,1488557980,-34,70,4,100
ampak-ap6212,6,senic-sandbox,1,1488557981,-35,70,4,100
ampak-ap6212,6,senic-sandbox,1,1488557982,-35,70,4,100
ampak-ap6212,6,senic-sandbox,1,1488557983,-35,70,4,100
ampak-ap6212,6,senic-sandbox,1,1488557984,-36,70,4,100
ampak-ap6212,6,senic-sandbox,1,1488557985,-36,70,4,100
ampak-ap6212,6,senic-sandbox,1,1488557986,-36,70,4,100
ampak-ap6212,6,senic-sandbox,1,1488557987,-35,70,4,100
ampak-ap6212,6,senic-sandbox,1,1488557988,-34,70,4,100
ampak-ap6212,6,senic-sandbox,1,1488557989,-33,70,4,100
ampak-ap6212,6,senic-sandbox,1,1488557991,-36,70,4,100
ampak-ap6212,6,senic-sandbox,1,1488557992,-36,70,4,100
ampak-ap6212,6,senic-sandbox,1,1488557993,-36,70,4,100
ampak-ap6212,6,senic-sandbox,1,1488557994,-36,70,4,100
ampak-ap6212,6,senic-sandbox,1,1488557995,-36,70,4,100
ampak-ap6212,6,senic-sandbox,1,1488557996,-36,70,4,100
ampak-ap6212,6,senic-sandbox,1,1488557997,-36,70,4,100
ampak-ap6212,6,senic-sandbox,1,1488557998,-36,70,4,100
ampak-ap6212,6,senic-sandbox,1,1488557999,-36,70,4,100
ampak-ap6212,6,senic-sandbox,1,1488558000,-37,70,4,100
ampak-ap6212,6,senic-sandbox,1,1488558001,-37,70,4,100
ampak-ap6212,6,senic-sandbox,1,1488558002,-37,70,4,100
ampak-ap6212,6,senic-sandbox,1,1488558004,-37,70,4,100
ampak-ap6212,6,senic-sandbox,1,1488558005,-38,70,4,100
ampak-ap6212,6,senic-sandbox,1,1488558006,-37,70,4,100
ampak-ap6212,6,senic-sandbox,0,1488558059,-42,68,4,97
ampak-ap6212,6,senic-sandbox,0,1488558060,-40,70,4,100
ampak-ap6212,6,senic-sandbox,0,1488558061,-41,69,4,98
ampak-ap6212,6,senic-sandbox,0,1488558062,-43,67,4,95
ampak-ap6212,6,senic-sandbox,0,1488558064,-46,64,4,91
ampak-ap6212,6,senic-sandbox,0,1488558065,-46,64,4,91
ampak-ap6212,6,senic-sandbox,0,1488558066,-42,68,4,97
ampak-ap6212,6,senic-sandbox,0,1488558067,-43,67,4,95
ampak-ap6212,6,senic-sandbox,0,1488558068,-43,67,4,95
ampak-ap6212,6,senic-sandbox,0,1488558069,-47,63,4,90
ampak-ap6212,6,senic-sandbox,0,1488558070,-43,67,4,95
ampak-ap6212,6,senic-sandbox,0,1488558071,-49,61,4,87
ampak-ap6212,6,senic-sandbox,0,1488558072,-47,63,4,90
ampak-ap6212,6,senic-sandbox,0,1488558073,-46,64,4,91
ampak-ap6212,6,senic-sandbox,0,1488558074,-45,65,4,92
ampak-ap6212,6,senic-sandbox,0,1488558075,-40,70,4,100
ampak-ap6212,6,senic-sandbox,0,1488558077,-44,66,4,94
ampak-ap6212,6,senic-sandbox,0,1488558078,-45,65,4,92
ampak-ap6212,6,senic-sandbox,0,1488558079,-43,67,4,95
ampak-ap6212,6,senic-sandbox,0,1488558080,-42,68,4,97
ampak-ap6212,6,senic-sandbox,0,1488558081,-39,70,4,100
ampak-ap6212,6,senic-sandbox,0,1488558082,-47,63,4,90
ampak-ap6212,6,senic-sandbox,0,1488558083,-46,64,4,91
ampak-ap6212,6,senic-sandbox,0,1488558084,-46,64,4,91
ampak-ap6212,6,senic-sandbox,0,1488558085,-45,65,4,92
ampak-ap6212,6,senic-sandbox,0,1488558086,-46,64,4,91
ampak-ap6212,6,senic-sandbox,0,1488558087,-45,65,4,92
ampak-ap6212,6,senic-sandbox,0,1488558088,-46,64,4,91
ampak-ap6212,6,senic-sandbox,0,1488558090,-45,65,4,92
ampak-ap6212,6,senic-sandbox,0,1488558091,-46,64,4,91
ampak-ap6212,6,senic-sandbox,0,1488558092,-45,65,4,92
